date,o,h,l,c,volume
01/02/2019,0.3150,0.3150,0.3150,0.3150,5000
01/04/2019,0.2900,0.2900,0.2900,0.2900,1000
01/07/2019,0.2950,0.2950,0.2950,0.2950,200
01/09/2019,0.3613,0.3613,0.3613,0.3613,3300
01/11/2019,0.3900,0.3995,0.3900,0.3995,4300
01/22/2019,0.3430,0.3430,0.3430,0.3430,1000
01/23/2019,0.3030,0.4000,0.3030,0.4000,6200
01/28/2019,0.3600,0.4150,0.3600,0.4150,28800
01/29/2019,0.4190,0.4190,0.4190,0.4190,3600
01/30/2019,0.4000,0.4189,0.4000,0.4189,3400
02/01/2019,0.3500,0.3500,0.3500,0.3500,9000
02/07/2019,0.3301,0.3301,0.3301,0.3301,100
02/08/2019,0.4050,0.4050,0.3625,0.4050,1200
02/12/2019,0.3800,0.3800,0.3800,0.3800,5000
02/13/2019,0.3760,0.4400,0.3760,0.4400,15800
02/14/2019,0.3210,0.4000,0.3210,0.4000,9700
02/15/2019,0.3310,0.3310,0.3310,0.3310,1200
02/20/2019,0.3790,0.3800,0.3790,0.3800,2500
02/27/2019,0.3500,0.3500,0.3500,0.3500,2400
03/04/2019,0.3200,0.3300,0.3200,0.3300,14000
03/05/2019,0.3285,0.3285,0.3285,0.3285,600
03/07/2019,0.3300,0.3300,0.3300,0.3300,500
03/11/2019,0.3720,0.3800,0.3720,0.3800,6500
03/12/2019,0.4000,0.4000,0.3799,0.3800,12900
03/18/2019,0.3800,0.3800,0.3800,0.3800,100
03/25/2019,0.3800,0.4400,0.3800,0.4205,6700
03/26/2019,0.4100,0.4100,0.4100,0.4100,500
04/03/2019,0.4400,0.4400,0.4400,0.4400,100
04/04/2019,0.4100,0.4100,0.4100,0.4100,11300
04/08/2019,0.4200,0.4200,0.3301,0.3301,10300
04/09/2019,0.4000,0.4000,0.4000,0.4000,300
04/10/2019,0.4000,0.4000,0.4000,0.4000,16500
04/15/2019,0.4000,0.4300,0.4000,0.4300,5500
04/16/2019,0.3946,0.3946,0.3946,0.3946,1000
04/18/2019,0.3310,0.3310,0.3310,0.3310,900
04/23/2019,0.3999,0.3999,0.3999,0.3999,300
04/24/2019,0.4000,0.4000,0.4000,0.4000,300
04/26/2019,0.3929,0.3929,0.3929,0.3929,2000
04/29/2019,0.3750,0.4299,0.3750,0.4299,16300
04/30/2019,0.3600,0.3600,0.3600,0.3600,1000
05/06/2019,0.3650,0.3650,0.3650,0.3650,600
05/09/2019,0.3350,0.3350,0.3300,0.3300,4300
05/10/2019,0.3300,0.3300,0.3300,0.3300,6000
05/13/2019,0.3970,0.3970,0.3970,0.3970,1200
05/14/2019,0.3334,0.3334,0.3334,0.3334,300
05/15/2019,0.3500,0.3740,0.3500,0.3740,1100
05/17/2019,0.3800,0.3800,0.3500,0.3500,3700
05/29/2019,0.3800,0.3800,0.3300,0.3300,1200
05/30/2019,0.3500,0.3690,0.3500,0.3690,8300
06/06/2019,0.3690,0.3690,0.3160,0.3160,5100
06/07/2019,0.3600,0.3600,0.3600,0.3600,4700
06/11/2019,0.3590,0.3590,0.3100,0.3100,79600
06/13/2019,0.2810,0.3600,0.2810,0.3600,1200
06/19/2019,0.2964,0.3600,0.1620,0.3600,5500
06/21/2019,0.3590,0.3590,0.3590,0.3590,100
06/26/2019,0.2620,0.2620,0.2620,0.2620,1200
06/27/2019,0.2621,0.2625,0.2621,0.2625,800
06/28/2019,0.3740,0.3740,0.2625,0.2625,1000
07/01/2019,0.2800,0.2800,0.2700,0.2759,1500
07/02/2019,0.2900,0.2900,0.2900,0.2900,100
07/03/2019,0.3090,0.3090,0.2900,0.2900,1700
07/05/2019,0.3480,0.3550,0.2921,0.2921,61600
07/09/2019,0.3550,0.3970,0.3400,0.3400,28100
07/10/2019,0.3400,0.3400,0.3400,0.3400,3500
07/12/2019,0.3210,0.3210,0.3200,0.3200,15000
07/15/2019,0.3400,0.3400,0.3125,0.3125,35300
07/16/2019,0.3150,0.3150,0.3150,0.3150,1000
07/18/2019,0.3100,0.3100,0.3000,0.3000,27000
07/19/2019,0.2900,0.2900,0.2900,0.2900,1000
07/22/2019,0.3400,0.3400,0.3400,0.3400,200
07/23/2019,0.3000,0.3000,0.3000,0.3000,2500
07/24/2019,0.3000,0.3000,0.3000,0.3000,1000
07/25/2019,0.3000,0.3000,0.3000,0.3000,2700
07/26/2019,0.3000,0.3000,0.3000,0.3000,3400
07/30/2019,0.2900,0.2900,0.2900,0.2900,500
07/31/2019,0.3014,0.3014,0.3014,0.3014,300
08/02/2019,0.3100,0.3100,0.3000,0.3000,15000
08/07/2019,0.2940,0.2940,0.2700,0.2900,14600
08/08/2019,0.2767,0.2767,0.2560,0.2700,21800
08/12/2019,0.2560,0.2700,0.2560,0.2700,900
08/13/2019,0.2560,0.2560,0.2200,0.2200,117900
08/14/2019,0.2600,0.2800,0.2590,0.2700,45400
08/15/2019,0.2800,0.2800,0.2800,0.2800,3500
08/16/2019,0.2550,0.2800,0.2550,0.2800,8500
08/19/2019,0.2355,0.2800,0.2355,0.2800,12800
08/20/2019,0.2800,0.2800,0.2800,0.2800,500
08/27/2019,0.2800,0.2800,0.2800,0.2800,6100
08/29/2019,0.2455,0.2800,0.2455,0.2800,3000
09/04/2019,0.2950,0.2950,0.2800,0.2800,3400
09/16/2019,0.2850,0.2900,0.2400,0.2400,4600
09/17/2019,0.2381,0.2381,0.2355,0.2355,8200
09/18/2019,0.2400,0.2400,0.2400,0.2400,2000
09/19/2019,0.2500,0.2500,0.2410,0.2410,33500
09/20/2019,0.2500,0.2500,0.2420,0.2420,26000
09/23/2019,0.2452,0.2452,0.2410,0.2410,4600
09/24/2019,0.2500,0.2500,0.2500,0.2500,500
09/26/2019,0.2421,0.2421,0.2421,0.2421,800
10/01/2019,0.2421,0.2500,0.2421,0.2500,2400
10/02/2019,0.2990,0.3000,0.2990,0.3000,30400
10/03/2019,0.3000,0.3000,0.2610,0.2800,47900
10/04/2019,0.3000,0.3150,0.2950,0.2950,18000
10/07/2019,0.3050,0.3150,0.3000,0.3000,126900
10/08/2019,0.3000,0.3000,0.2615,0.2800,108800
10/09/2019,0.2800,0.2968,0.2800,0.2960,4700
10/11/2019,0.3000,0.3000,0.2999,0.3000,101500
10/15/2019,0.3001,0.3050,0.3000,0.3050,82700
10/16/2019,0.3000,0.3006,0.3000,0.3006,30400
10/17/2019,0.3000,0.3100,0.2816,0.2816,23400
10/18/2019,0.2900,0.3000,0.2900,0.3000,55000
10/21/2019,0.2900,0.2900,0.2850,0.2850,22500
10/22/2019,0.2900,0.2900,0.2800,0.2800,15500
10/29/2019,0.2700,0.2700,0.2700,0.2700,400
11/05/2019,0.2890,0.2890,0.2604,0.2700,28700
11/06/2019,0.2700,0.2700,0.2700,0.2700,45000
11/07/2019,0.2700,0.3100,0.2700,0.3100,9100
11/08/2019,0.3100,0.3100,0.3076,0.3076,5900
11/11/2019,0.3100,0.3100,0.2900,0.2900,5500
11/12/2019,0.2900,0.2900,0.2604,0.2800,63100
11/13/2019,0.2604,0.2701,0.2604,0.2701,13000
11/15/2019,0.2700,0.2701,0.2700,0.2701,3000
11/18/2019,0.2701,0.2701,0.2701,0.2701,1600
11/19/2019,0.2550,0.2700,0.2400,0.2700,103900
11/20/2019,0.2550,0.2700,0.2550,0.2700,4000
11/21/2019,0.2500,0.2700,0.2500,0.2500,137000
11/22/2019,0.2450,0.2450,0.2400,0.2400,40000
11/26/2019,0.2400,0.2551,0.2400,0.2400,20600
11/27/2019,0.2400,0.2600,0.2400,0.2600,15700
12/03/2019,0.2600,0.2600,0.2397,0.2397,1600
12/04/2019,0.2397,0.2397,0.2397,0.2397,500
12/05/2019,0.2397,0.2397,0.2397,0.2397,500
12/06/2019,0.2397,0.2397,0.2397,0.2397,500
12/10/2019,0.2600,0.2600,0.2400,0.2500,8300
12/11/2019,0.2500,0.2500,0.2500,0.2500,10900
12/13/2019,0.2500,0.2500,0.2400,0.2400,4500
12/16/2019,0.2397,0.2397,0.2397,0.2397,2100
12/18/2019,0.2400,0.2400,0.2400,0.2400,28600
12/20/2019,0.2405,0.2405,0.2405,0.2405,200
12/23/2019,0.2450,0.2575,0.2450,0.2575,5000
12/26/2019,0.2400,0.2400,0.2400,0.2400,7700
12/27/2019,0.2400,0.2400,0.2400,0.2400,4200
12/30/2019,0.2400,0.2400,0.2400,0.2400,11500
01/03/2020,0.2302,0.2302,0.2302,0.2302,100
01/06/2020,0.2400,0.2400,0.2302,0.2302,10000
01/09/2020,0.2321,0.2400,0.2321,0.2400,6600
01/10/2020,0.2323,0.2600,0.2322,0.2580,42500
01/14/2020,0.2511,0.2511,0.2511,0.2511,2600
01/16/2020,0.2511,0.2511,0.2400,0.2400,22500
01/17/2020,0.2401,0.2401,0.2400,0.2400,51800
01/21/2020,0.2306,0.2500,0.2306,0.2500,33700
01/23/2020,0.1990,0.1990,0.1990,0.1990,200
01/27/2020,0.2104,0.2106,0.2104,0.2105,13300
01/28/2020,0.2106,0.2106,0.2106,0.2106,1000
01/30/2020,0.2110,0.2110,0.2110,0.2110,2000
01/31/2020,0.2104,0.2104,0.2104,0.2104,500
02/03/2020,0.2104,0.2390,0.2104,0.2105,9500
02/05/2020,0.2104,0.2104,0.2104,0.2104,500
02/06/2020,0.2104,0.2200,0.2100,0.2104,26400
02/10/2020,0.2300,0.2300,0.2051,0.2051,200
02/11/2020,0.2100,0.2100,0.2100,0.2100,10000
02/12/2020,0.1926,0.2227,0.1926,0.2110,3100
02/14/2020,0.1950,0.1950,0.1250,0.1550,287200
02/18/2020,0.1492,0.1700,0.1400,0.1666,112000
02/21/2020,0.1595,0.1600,0.1588,0.1590,156300
02/24/2020,0.1622,0.1622,0.1590,0.1590,12900
02/25/2020,0.1588,0.1588,0.1402,0.1402,21900
02/28/2020,0.1407,0.1424,0.1407,0.1424,14700
03/02/2020,0.1431,0.1450,0.1431,0.1450,7000
03/06/2020,0.1606,0.1688,0.1606,0.1688,500
03/09/2020,0.1470,0.1470,0.1401,0.1401,21600
03/10/2020,0.1470,0.1470,0.1291,0.1291,29300
03/11/2020,0.1200,0.1330,0.1200,0.1330,164300
03/12/2020,0.1385,0.1385,0.1385,0.1385,500
03/13/2020,0.1500,0.1500,0.1290,0.1290,33500
03/18/2020,0.1000,0.1051,0.1000,0.1001,12000
03/19/2020,0.1000,0.1000,0.1000,0.1000,1000
03/20/2020,0.1000,0.1200,0.1000,0.1200,20800
03/24/2020,0.1175,0.1200,0.1175,0.1176,2100
03/25/2020,0.1315,0.1370,0.1315,0.1370,31800
03/27/2020,0.1500,0.1730,0.1500,0.1500,42300
03/31/2020,0.1450,0.1451,0.1400,0.1400,30500
04/01/2020,0.1450,0.1500,0.1450,0.1450,23400
04/06/2020,0.1400,0.1400,0.1400,0.1400,200
04/20/2020,0.1052,0.1052,0.1052,0.1052,7900
04/21/2020,0.1400,0.1400,0.1400,0.1400,22800
04/23/2020,0.1400,0.1400,0.1398,0.1400,3300
04/24/2020,0.1300,0.1400,0.1300,0.1400,1400
04/29/2020,0.1400,0.1400,0.1212,0.1400,95400
04/30/2020,0.1390,0.1400,0.1390,0.1400,299900
05/01/2020,0.1400,0.1400,0.1400,0.1400,80000
05/05/2020,0.1450,0.1450,0.1450,0.1450,300
05/06/2020,0.1300,0.1450,0.1300,0.1450,74900
05/11/2020,0.1300,0.1300,0.1300,0.1300,100
05/12/2020,0.1034,0.1034,0.1034,0.1034,3800
05/14/2020,0.1200,0.1200,0.1200,0.1200,300
05/15/2020,0.1400,0.1400,0.1201,0.1300,63100
05/19/2020,0.1390,0.1400,0.1390,0.1400,13000
05/20/2020,0.1400,0.1400,0.1400,0.1400,3300
05/21/2020,0.1159,0.1159,0.1159,0.1159,300
05/22/2020,0.1200,0.1200,0.1124,0.1124,7000
05/26/2020,0.1124,0.1124,0.1100,0.1100,6000
05/28/2020,0.1400,0.1400,0.1400,0.1400,1500
05/29/2020,0.1250,0.1250,0.1250,0.1250,200
06/01/2020,0.1400,0.1400,0.1390,0.1390,600
06/03/2020,0.1400,0.1450,0.1400,0.1450,25000
06/04/2020,0.1400,0.1400,0.1400,0.1400,9600
06/05/2020,0.1450,0.1450,0.1450,0.1450,10300
06/08/2020,0.1066,0.1066,0.1066,0.1066,12500
06/09/2020,0.1078,0.1078,0.1078,0.1078,3300
06/11/2020,0.1101,0.1101,0.1101,0.1101,10000
06/12/2020,0.1449,0.1449,0.1449,0.1449,2500
06/16/2020,0.1408,0.1408,0.1408,0.1408,500
06/17/2020,0.1309,0.1309,0.1200,0.1200,10000
06/18/2020,0.1350,0.1350,0.1350,0.1350,7100
06/19/2020,0.1350,0.1350,0.1350,0.1350,100
06/22/2020,0.1350,0.1400,0.1350,0.1400,10000
06/23/2020,0.1375,0.1399,0.1242,0.1242,26200
06/25/2020,0.1399,0.1399,0.1399,0.1399,500
06/26/2020,0.1350,0.1350,0.1075,0.1224,26000
06/29/2020,0.1344,0.1350,0.1344,0.1350,3500
06/30/2020,0.1340,0.1350,0.1340,0.1350,10200
07/02/2020,0.1350,0.1350,0.1142,0.1142,11000
07/08/2020,0.1151,0.1151,0.1151,0.1151,2500
07/09/2020,0.1200,0.1200,0.1200,0.1200,900
07/13/2020,0.1200,0.1200,0.1200,0.1200,3000
07/14/2020,0.1398,0.1398,0.1398,0.1398,300
07/17/2020,0.1300,0.1300,0.1300,0.1300,9500
07/20/2020,0.1500,0.2000,0.1450,0.1900,120200
07/21/2020,0.1900,0.2100,0.1700,0.1890,12200
07/22/2020,0.1760,0.1761,0.1760,0.1761,10000
07/27/2020,0.1900,0.2148,0.1900,0.2120,126200
07/28/2020,0.2175,0.2200,0.2175,0.2200,44000
07/29/2020,0.2300,0.2349,0.2300,0.2349,47500
07/30/2020,0.2449,0.2449,0.2370,0.2449,42100
07/31/2020,0.2500,0.2700,0.2370,0.2700,10900
08/03/2020,0.2370,0.2600,0.2370,0.2600,3300
08/04/2020,0.2600,0.2600,0.2550,0.2600,11700
08/05/2020,0.2600,0.3199,0.2600,0.2710,11900
08/06/2020,0.3199,0.4400,0.2900,0.3500,25600
08/07/2020,0.3500,0.3700,0.3500,0.3600,17100
08/10/2020,0.3600,0.3600,0.3600,0.3600,7300
08/11/2020,0.3900,0.3900,0.2650,0.3500,15900
08/12/2020,0.3800,0.3800,0.3800,0.3800,1600
08/13/2020,0.3500,0.3500,0.2650,0.2650,2800
08/17/2020,0.2700,0.3100,0.2650,0.2650,5500
08/18/2020,0.3300,0.3300,0.3299,0.3299,700
08/19/2020,0.3300,0.3300,0.3300,0.3300,200
08/20/2020,0.2500,0.2700,0.2500,0.2600,25000
08/21/2020,0.2700,0.2700,0.2350,0.2600,96300
08/24/2020,0.2400,0.2401,0.2300,0.2300,13100
08/26/2020,0.2450,0.3400,0.2450,0.2755,52100
08/27/2020,0.2650,0.2650,0.2650,0.2650,1000
08/28/2020,0.2600,0.2600,0.2600,0.2600,13000
08/31/2020,0.2650,0.2650,0.2400,0.2600,19200
09/01/2020,0.2900,0.3000,0.2900,0.3000,25200
09/03/2020,0.3000,0.3000,0.2600,0.3000,3500
09/04/2020,0.3000,0.3100,0.3000,0.3100,19200
09/08/2020,0.3100,0.3200,0.2850,0.3200,10200
09/09/2020,0.3200,0.3200,0.3200,0.3200,5300
09/10/2020,0.3200,0.3200,0.3200,0.3200,300
09/14/2020,0.2600,0.2720,0.2600,0.2600,6700
09/15/2020,0.2600,0.2680,0.2600,0.2680,12500
09/16/2020,0.2600,0.2600,0.2500,0.2500,22000
09/17/2020,0.2725,0.2725,0.2500,0.2501,800
09/18/2020,0.2650,0.2800,0.2650,0.2800,400
09/23/2020,0.2510,0.2575,0.2500,0.2500,11700
09/25/2020,0.2500,0.2500,0.2500,0.2500,2000
09/28/2020,0.2500,0.2500,0.2500,0.2500,600
10/01/2020,0.2500,0.2500,0.2500,0.2500,1000
10/06/2020,0.2500,0.2500,0.2500,0.2500,10900
10/07/2020,0.2800,0.2950,0.2650,0.2950,9200
10/14/2020,0.3100,0.3200,0.3100,0.3200,11300
10/16/2020,0.2900,0.2900,0.2900,0.2900,100
10/22/2020,0.2600,0.2600,0.2600,0.2600,600
10/26/2020,0.2600,0.2600,0.2600,0.2600,4000
10/28/2020,0.2600,0.2600,0.2600,0.2600,5600
11/04/2020,0.2600,0.2901,0.2600,0.2600,7100
11/10/2020,0.2600,0.2600,0.2600,0.2600,400
11/16/2020,0.3450,0.3450,0.3100,0.3400,28200
11/17/2020,0.3300,0.3350,0.3200,0.3330,5300
11/18/2020,0.3350,0.3350,0.3110,0.3200,15300
11/19/2020,0.2911,0.2911,0.2911,0.2911,2000
11/20/2020,0.3000,0.3000,0.3000,0.3000,3000
11/27/2020,0.3300,0.3300,0.3300,0.3300,800
11/30/2020,0.3050,0.3300,0.3050,0.3050,5400
12/04/2020,0.3500,0.3500,0.3500,0.3500,1500
12/07/2020,0.3500,0.3500,0.3001,0.3400,8500
12/08/2020,0.2950,0.2950,0.2950,0.2950,5000
12/09/2020,0.2960,0.2960,0.2960,0.2960,900
12/14/2020,0.3124,0.3298,0.3124,0.3298,1200
12/15/2020,0.3298,0.3400,0.3050,0.3400,9000
12/16/2020,0.3151,0.3300,0.3151,0.3151,10000
12/17/2020,0.3071,0.3300,0.3071,0.3300,4600
12/18/2020,0.3071,0.3300,0.3060,0.3300,13000
12/21/2020,0.3060,0.3300,0.3060,0.3300,15800
12/23/2020,0.3000,0.3300,0.3000,0.3300,5100
12/24/2020,0.3290,0.3300,0.3290,0.3300,9000
12/29/2020,0.3150,0.3150,0.3000,0.3000,800
12/30/2020,0.2950,0.3300,0.2950,0.3000,6500
12/31/2020,0.3000,0.3411,0.3000,0.3411,32000
01/05/2021,0.3500,0.3500,0.3479,0.3500,84700
01/06/2021,0.3400,0.3700,0.3300,0.3300,57400
01/08/2021,0.3700,0.3990,0.3600,0.3800,43700
01/11/2021,0.3800,0.3900,0.3800,0.3800,26700
01/12/2021,0.3450,0.3800,0.3450,0.3800,2100
01/14/2021,0.4000,0.4370,0.3726,0.4370,190800
01/15/2021,0.4390,0.4400,0.3810,0.4150,27000
01/21/2021,0.3990,0.3990,0.3990,0.3990,700
01/22/2021,0.4000,0.4200,0.4000,0.4150,7400
01/25/2021,0.3800,0.4200,0.3800,0.4150,2600
01/26/2021,0.4083,0.4150,0.3850,0.4150,3800
01/27/2021,0.3551,0.4000,0.3551,0.3750,20800
01/28/2021,0.3750,0.3750,0.3560,0.3750,3400
02/01/2021,0.4140,0.4150,0.4000,0.4100,40400
02/02/2021,0.4150,0.4150,0.4150,0.4150,2500
02/03/2021,0.4150,0.4150,0.3700,0.4000,12900
02/04/2021,0.4000,0.4150,0.3700,0.4150,25300
02/05/2021,0.4068,0.4068,0.3800,0.3875,102700
02/08/2021,0.3838,0.4150,0.3701,0.4150,48000
02/10/2021,0.4150,0.4150,0.4150,0.4150,3200
02/11/2021,0.3945,0.4400,0.3710,0.3710,30200
02/16/2021,0.4100,0.4200,0.4000,0.4000,66800
02/17/2021,0.4000,0.4300,0.3800,0.4300,41100
02/18/2021,0.4400,0.4400,0.4400,0.4400,1000
02/22/2021,0.4350,0.4700,0.4000,0.4253,230700
02/23/2021,0.4213,0.4612,0.4150,0.4200,27000
02/25/2021,0.4151,0.4151,0.4150,0.4150,5900
02/26/2021,0.4100,0.4750,0.4100,0.4750,8300
03/01/2021,0.4702,0.5000,0.4200,0.4976,36200
03/03/2021,0.4493,0.4900,0.4150,0.4900,3700
03/04/2021,0.4505,0.4505,0.4200,0.4200,14600
03/08/2021,0.4788,0.4798,0.4200,0.4200,3500
03/09/2021,0.4300,0.4300,0.4100,0.4100,30200
03/10/2021,0.4100,0.4100,0.4100,0.4100,1200
03/11/2021,0.4105,0.4300,0.4105,0.4300,1800
03/12/2021,0.4350,0.4583,0.4350,0.4499,17800
03/15/2021,0.4350,0.4350,0.4250,0.4250,1100
03/17/2021,0.4650,0.4650,0.4650,0.4650,4800
03/18/2021,0.4646,0.4646,0.4560,0.4560,6100
03/19/2021,0.4100,0.4100,0.4100,0.4100,4800
03/22/2021,0.4300,0.4300,0.4113,0.4113,5200
03/24/2021,0.4100,0.4300,0.4100,0.4300,800
03/25/2021,0.4104,0.4104,0.4104,0.4104,200
03/29/2021,0.4104,0.4104,0.4104,0.4104,300
04/01/2021,0.4104,0.4104,0.4104,0.4104,900
04/05/2021,0.4104,0.4104,0.3100,0.4100,21600
04/07/2021,0.4000,0.4000,0.3700,0.3710,17800
04/08/2021,0.3710,0.3805,0.3710,0.3805,1800
04/09/2021,0.3730,0.3730,0.3730,0.3730,1500
04/13/2021,0.4390,0.4980,0.3800,0.4100,37700
04/14/2021,0.3813,0.3813,0.3800,0.3801,18200
04/15/2021,0.4376,0.4376,0.3750,0.4175,79900
04/23/2021,0.4500,0.4500,0.4450,0.4450,8100
04/27/2021,0.4432,0.4443,0.4432,0.4433,15800
04/28/2021,0.4240,0.4240,0.4240,0.4240,200
05/05/2021,0.3800,0.3800,0.3800,0.3800,300
05/07/2021,0.3800,0.3800,0.3800,0.3800,4400
05/10/2021,0.3850,0.3850,0.3850,0.3850,8200
05/12/2021,0.3800,0.3800,0.3800,0.3800,200
05/13/2021,0.3800,0.3800,0.3800,0.3800,100
05/14/2021,0.3800,0.3800,0.3800,0.3800,100
05/18/2021,0.3800,0.3800,0.3800,0.3800,1000
05/19/2021,0.3800,0.3800,0.3800,0.3800,30800
05/20/2021,0.4000,0.4000,0.3990,0.3990,1800
05/24/2021,0.3700,0.4000,0.3450,0.4000,9900
05/26/2021,0.3549,0.3549,0.3450,0.3450,1300
06/07/2021,0.3510,0.3900,0.3510,0.3900,6400
06/09/2021,0.4000,0.4000,0.3900,0.3900,4300
06/10/2021,0.3450,0.4350,0.3100,0.3350,16900
06/11/2021,0.4000,0.4000,0.4000,0.4000,15400
06/14/2021,0.4000,0.4000,0.4000,0.4000,2600
06/15/2021,0.4200,0.4200,0.4200,0.4200,900
06/16/2021,0.3410,0.3410,0.3410,0.3410,100
06/24/2021,0.3601,0.3601,0.3601,0.3601,1100
06/29/2021,0.3990,0.4100,0.3990,0.4100,2900
07/01/2021,0.3601,0.3601,0.3600,0.3600,12500
07/07/2021,0.3800,0.3800,0.3200,0.3200,11600
07/09/2021,0.3211,0.3600,0.3100,0.3450,42300
07/14/2021,0.3450,0.4000,0.3118,0.3200,309800
07/15/2021,0.3000,0.3900,0.3000,0.3790,55800
07/16/2021,0.3400,0.3400,0.3300,0.3300,34400
07/19/2021,0.3300,0.3300,0.2850,0.2850,18300
07/20/2021,0.3100,0.3100,0.3100,0.3100,3500
07/21/2021,0.3100,0.3100,0.3100,0.3100,5200
07/23/2021,0.3300,0.3300,0.3300,0.3300,6500
07/26/2021,0.3300,0.3300,0.3300,0.3300,1500
07/27/2021,0.3800,0.3800,0.3800,0.3800,15000
08/02/2021,0.3000,0.3740,0.3000,0.3740,16700
08/06/2021,0.3450,0.3450,0.2700,0.3450,2600
08/09/2021,0.3300,0.3300,0.3295,0.3300,10400
08/11/2021,0.3000,0.3100,0.3000,0.3000,39200
08/12/2021,0.3000,0.3000,0.2650,0.2651,43500
08/13/2021,0.2750,0.3400,0.2730,0.3400,24500
08/16/2021,0.3450,0.3790,0.2900,0.3200,35300
08/17/2021,0.3000,0.3000,0.2650,0.2800,37900
08/18/2021,0.3100,0.3400,0.3100,0.3400,70700
08/19/2021,0.3400,0.3590,0.3125,0.3125,147500
08/20/2021,0.3000,0.3000,0.2901,0.3000,73200
08/23/2021,0.3101,0.3101,0.3101,0.3101,1000
08/24/2021,0.3400,0.3580,0.3100,0.3399,31700
08/25/2021,0.3010,0.3200,0.3010,0.3200,9400
08/26/2021,0.3760,0.3760,0.2850,0.3480,42100
08/27/2021,0.3200,0.3200,0.3200,0.3200,5000
08/30/2021,0.3000,0.3100,0.2930,0.3000,22900
08/31/2021,0.3000,0.3000,0.2850,0.3000,20000
09/01/2021,0.3200,0.3200,0.3200,0.3200,2500
09/03/2021,0.3450,0.3500,0.3350,0.3400,26700
09/07/2021,0.3480,0.3760,0.3480,0.3760,1103
09/09/2021,0.3760,0.3800,0.3760,0.3760,90300
09/10/2021,0.3795,0.3800,0.3795,0.3800,1500
09/13/2021,0.3800,0.3800,0.3500,0.3500,16100
09/14/2021,0.3500,0.3500,0.3300,0.3300,24800
09/16/2021,0.3890,0.3890,0.3200,0.3600,8200
09/17/2021,0.3700,0.3700,0.3700,0.3700,2000
09/20/2021,0.3100,0.3700,0.3100,0.3700,6500
09/22/2021,0.3700,0.3700,0.3700,0.3700,2500
09/24/2021,0.3900,0.3900,0.3200,0.3477,32400
09/27/2021,0.3356,0.3499,0.3356,0.3499,3700
09/29/2021,0.3205,0.3900,0.3205,0.3900,14500
09/30/2021,0.3210,0.3495,0.3200,0.3478,12500
10/01/2021,0.3498,0.3498,0.3498,0.3498,2800
10/04/2021,0.3499,0.3500,0.3350,0.3500,13040
10/08/2021,0.3300,0.3300,0.3200,0.3200,30000
10/11/2021,0.3200,0.3200,0.3200,0.3200,25000
10/14/2021,0.3500,0.3500,0.3500,0.3500,531
10/18/2021,0.3300,0.3400,0.3200,0.3400,20801
10/19/2021,0.3350,0.3350,0.3200,0.3200,2004
10/20/2021,0.3300,0.3300,0.3203,0.3203,10506
10/21/2021,0.3107,0.3107,0.3106,0.3106,5543
10/25/2021,0.3495,0.3500,0.3100,0.3100,14020
11/02/2021,0.3650,0.3650,0.3100,0.3400,8402
11/03/2021,0.3110,0.3450,0.3100,0.3450,19201
11/05/2021,0.3900,0.3900,0.3100,0.3900,31900
11/08/2021,0.3495,0.3500,0.3200,0.3200,13000
11/09/2021,0.3400,0.3550,0.3150,0.3200,74700
11/11/2021,0.3900,0.4900,0.3200,0.3600,260300
11/12/2021,0.4050,0.4050,0.3100,0.3450,253700
11/16/2021,0.3800,0.3800,0.3300,0.3750,97500
11/17/2021,0.3326,0.3600,0.3320,0.3600,19500
11/18/2021,0.3500,0.3748,0.3500,0.3510,15200
11/22/2021,0.3160,0.3160,0.2600,0.2700,143100
11/23/2021,0.2600,0.2700,0.2400,0.2600,451806
11/29/2021,0.2100,0.2285,0.2000,0.2285,5700
11/30/2021,0.2285,0.2500,0.2280,0.2500,74600
12/01/2021,0.2600,0.2700,0.2600,0.2700,3700
12/02/2021,0.2451,0.2670,0.2231,0.2670,12420
12/03/2021,0.2700,0.2980,0.2475,0.2890,26900
12/06/2021,0.2412,0.2894,0.2250,0.2300,17515
12/08/2021,0.2495,0.3000,0.2300,0.2415,205600
12/09/2021,0.2415,0.2500,0.2300,0.2300,49800
12/10/2021,0.2250,0.2250,0.2250,0.2250,400
12/13/2021,0.2788,0.2793,0.2200,0.2200,41900
12/14/2021,0.2101,0.2306,0.2101,0.2101,20000
12/15/2021,0.2150,0.2700,0.2150,0.2355,44000
12/17/2021,0.2400,0.2400,0.2380,0.2380,14800
12/20/2021,0.2570,0.2570,0.2200,0.2200,21500
12/22/2021,0.2121,0.2500,0.2121,0.2500,18000
12/23/2021,0.2500,0.2600,0.2201,0.2201,15401
12/28/2021,0.2700,0.2977,0.2301,0.2370,358000
12/30/2021,0.2302,0.2500,0.2302,0.2500,2500
12/31/2021,0.2550,0.2550,0.2550,0.2550,5100
01/04/2022,0.2405,0.2405,0.2300,0.2300,13000
01/05/2022,0.2220,0.2300,0.2220,0.2221,41400
01/06/2022,0.2490,0.2500,0.2221,0.2221,17500
01/10/2022,0.2110,0.2110,0.2100,0.2100,37200
01/11/2022,0.2100,0.2255,0.2100,0.2195,194600
01/13/2022,0.2045,0.2200,0.2000,0.2000,37600
01/14/2022,0.2140,0.2140,0.2020,0.2049,38000
01/18/2022,0.2100,0.2200,0.1931,0.2103,137600
01/19/2022,0.2019,0.2019,0.2010,0.2010,20000
01/20/2022,0.2100,0.2100,0.2000,0.2001,16700
01/21/2022,0.2000,0.2247,0.1900,0.2200,215000
01/25/2022,0.1900,0.1900,0.1899,0.1899,35200
01/26/2022,0.1900,0.1900,0.1800,0.1800,59800
01/28/2022,0.1900,0.1900,0.1800,0.1800,39200
01/31/2022,0.1800,0.1800,0.1800,0.1800,18000
02/01/2022,0.1800,0.1844,0.1776,0.1800,45500
02/02/2022,0.1755,0.1800,0.1755,0.1755,90000
02/04/2022,0.1701,0.1750,0.1701,0.1701,35801
02/07/2022,0.1701,0.1701,0.1700,0.1700,54700
02/08/2022,0.1700,0.1700,0.1700,0.1700,3500
02/09/2022,0.1601,0.1601,0.1601,0.1601,1400
02/10/2022,0.1650,0.1700,0.1600,0.1600,141001
02/11/2022,0.1645,0.1645,0.1578,0.1578,15000
02/15/2022,0.1750,0.1750,0.1700,0.1700,56000
02/18/2022,0.1700,0.1795,0.1700,0.1700,46901
02/22/2022,0.1651,0.1794,0.1651,0.1700,41200
02/23/2022,0.1660,0.1680,0.1660,0.1660,41200
02/25/2022,0.1700,0.1700,0.1700,0.1700,20000
02/28/2022,0.1761,0.1800,0.1761,0.1800,140900
03/02/2022,0.1750,0.1750,0.1660,0.1660,7100
03/03/2022,0.1800,0.1800,0.1660,0.1800,56900
03/04/2022,0.1662,0.1662,0.1612,0.1612,52500
03/07/2022,0.1620,0.1620,0.1620,0.1620,5200
03/08/2022,0.1708,0.1708,0.1708,0.1708,1000
03/09/2022,0.1610,0.1650,0.1501,0.1551,305800
03/10/2022,0.1561,0.1640,0.1520,0.1530,84500
03/11/2022,0.1540,0.1621,0.1510,0.1510,205300
03/14/2022,0.1531,0.1550,0.1500,0.1500,90600
03/15/2022,0.1506,0.1530,0.1451,0.1500,147400
03/16/2022,0.1549,0.1575,0.1450,0.1500,93800
03/17/2022,0.1520,0.1520,0.1520,0.1520,10000
03/18/2022,0.1520,0.1530,0.1500,0.1530,47500
03/21/2022,0.1516,0.1530,0.1501,0.1502,19700
03/22/2022,0.1502,0.1520,0.1450,0.1520,58200
03/23/2022,0.1480,0.1511,0.1425,0.1450,188600
03/24/2022,0.1426,0.1426,0.1310,0.1351,237300
03/29/2022,0.1476,0.1477,0.1401,0.1411,120600
03/30/2022,0.1415,0.1415,0.1400,0.1400,34300
03/31/2022,0.1448,0.1477,0.1390,0.1393,127800
04/04/2022,0.1423,0.1425,0.1390,0.1400,39800
04/05/2022,0.1498,0.1498,0.1498,0.1498,100
04/11/2022,0.1407,0.1490,0.1330,0.1330,21900
04/12/2022,0.1390,0.1443,0.1324,0.1325,44300
04/13/2022,0.1326,0.1326,0.1326,0.1326,100
04/14/2022,0.1400,0.1493,0.1400,0.1400,153819
04/19/2022,0.1445,0.1550,0.1350,0.1475,240300
04/20/2022,0.1475,0.1537,0.1400,0.1470,123206
04/21/2022,0.1560,0.1560,0.1560,0.1560,300
04/22/2022,0.1500,0.1500,0.1400,0.1400,102300
04/25/2022,0.1450,0.1495,0.1401,0.1402,137203
04/26/2022,0.1595,0.1595,0.1363,0.1364,52831
04/27/2022,0.1385,0.1413,0.1370,0.1380,156200
04/28/2022,0.1400,0.1490,0.1381,0.1490,66400
04/29/2022,0.1490,0.1590,0.1381,0.1500,69000
05/02/2022,0.1499,0.1499,0.1401,0.1490,24300
05/03/2022,0.1426,0.1494,0.1410,0.1410,59000
05/04/2022,0.1550,0.1799,0.1440,0.1700,359000
05/05/2022,0.1600,0.1600,0.1501,0.1550,10100
05/06/2022,0.1571,0.1599,0.1571,0.1599,401
05/09/2022,0.1543,0.1700,0.1506,0.1600,53900
05/10/2022,0.1700,0.1700,0.1506,0.1700,109300
05/11/2022,0.1800,0.1900,0.1650,0.1800,194200
05/12/2022,0.2000,0.2090,0.1810,0.2000,200000
05/13/2022,0.2000,0.2000,0.1885,0.1900,34700
05/16/2022,0.1844,0.1880,0.1844,0.1880,20200
05/17/2022,0.2000,0.2650,0.1930,0.2406,842100
05/18/2022,0.2430,0.2550,0.2310,0.2340,27500
05/19/2022,0.2400,0.2490,0.1950,0.2000,332800
05/20/2022,0.2110,0.2110,0.1960,0.2000,360100
05/23/2022,0.2035,0.2075,0.1850,0.1865,426400
05/25/2022,3.5100,3.8196,3.1100,3.2100,5457200
05/26/2022,3.2300,3.2300,2.8500,2.9000,430200
05/27/2022,2.8300,2.9700,2.8000,2.8700,263300
05/31/2022,2.8700,2.9950,2.7600,2.9100,174900
06/01/2022,3.0000,3.0600,2.7800,2.8400,1253600
06/02/2022,2.7800,3.6399,2.6400,3.4800,551200
06/03/2022,3.3400,3.6900,3.1400,3.4221,360800
06/06/2022,3.4300,3.6000,3.1500,3.5100,141200
06/07/2022,3.5200,4.0000,3.3090,3.9300,391000
06/08/2022,3.9600,4.3500,3.0100,3.5700,2297500
06/09/2022,3.3700,4.3500,3.3700,4.1900,833400
06/10/2022,4.0800,8.2000,4.0800,6.7200,5351700
06/13/2022,6.3900,7.4900,5.3500,6.7300,1067600
06/14/2022,6.4100,6.9500,5.7800,6.0500,463100
06/15/2022,5.7400,7.0500,5.6100,7.0000,264900
06/16/2022,6.5500,6.8500,6.1400,6.8500,149900
06/17/2022,6.8600,7.7900,6.6600,7.5400,135100
06/21/2022,7.9100,7.9900,7.3701,7.6300,62200
06/22/2022,7.4000,7.9000,7.4000,7.7400,100300
06/23/2022,7.5900,7.9000,7.4282,7.8500,58100
06/24/2022,7.8520,8.6899,7.6500,7.8000,115300
06/27/2022,7.6600,8.4400,7.6500,8.0700,65200
06/28/2022,8.0600,8.5950,7.9383,8.1100,96500
06/29/2022,8.2900,8.8200,8.2900,8.5200,113800
06/30/2022,8.3300,8.7200,8.0100,8.0300,51400
07/01/2022,8.0200,8.3050,7.9900,8.2300,56500
07/05/2022,8.0000,8.4800,7.6800,8.0700,132900
07/06/2022,8.2700,8.9000,8.0400,8.0600,179500
07/08/2022,8.3500,8.5050,7.7999,8.1300,70100
07/11/2022,8.0200,9.4000,8.0000,9.2500,74400
07/13/2022,8.9600,9.1800,8.4762,9.1400,27600
07/14/2022,8.7600,9.3500,8.6500,9.0900,37500
07/15/2022,9.2322,9.3247,8.6867,8.7000,17800
07/19/2022,8.8700,8.9200,7.7000,7.9300,54600
07/20/2022,7.9500,8.1600,7.6700,7.9000,24800
07/22/2022,7.7700,8.3627,7.5900,7.8300,12600
07/25/2022,7.6900,8.0190,7.3500,7.6000,34300
07/26/2022,7.2000,7.7700,7.2000,7.5700,16500
07/28/2022,7.4500,8.5348,7.2101,7.8400,43700
07/29/2022,7.2700,7.9300,7.2300,7.4100,18100
08/02/2022,8.0800,8.3300,7.6500,8.2650,6800
08/03/2022,7.6700,8.5000,7.6700,8.1200,31420
08/04/2022,7.8100,8.3900,7.6000,7.9150,21700
08/05/2022,7.7800,8.3999,7.7300,7.7500,6500
08/08/2022,7.6700,8.5100,7.2900,7.4800,57000
08/09/2022,8.0000,8.0000,7.1700,7.4200,37500
08/11/2022,7.5986,8.2000,7.5986,8.1600,15400
08/12/2022,8.1800,8.1800,7.7700,8.1700,11100
08/15/2022,8.1500,9.1000,7.8100,8.2500,56000
08/16/2022,9.0800,9.0800,8.2000,8.6500,21100
08/17/2022,8.5300,8.8400,8.2000,8.2000,21300
08/18/2022,8.3000,9.5800,8.3000,9.0000,262400
08/22/2022,10.000,410.1007,7.1900,7.67,219000
08/23/2022,7.8500,7.9000,7.2500,7.7200,27100
08/25/2022,7.8700,8.9721,7.7500,8.8900,126300
08/26/2022,8.6700,9.4728,8.5000,8.9500,34100
08/29/2022,8.3700,9.3232,8.0700,8.2300,32500
08/31/2022,8.4755,8.7900,8.2603,8.4100,22100
09/01/2022,8.2700,8.7500,7.7570,7.8600,23700
09/06/2022,8.1200,8.1200,7.5400,7.5400,13000
09/07/2022,7.7092,8.1500,7.7092,7.9500,10900
09/08/2022,8.1000,8.1000,7.3600,7.3600,11700
09/12/2022,7.5600,7.8200,7.5600,7.5900,10100
09/13/2022,7.5800,7.7900,7.3100,7.7300,14700
09/15/2022,7.1600,7.2900,7.0000,7.0000,18500
09/16/2022,7.2800,7.2800,5.7400,5.7400,46100
09/19/2022,6.0500,6.5000,5.8000,5.8300,38000
09/20/2022,5.7700,6.3400,5.7700,5.8700,7700
09/21/2022,6.0400,6.0400,5.6500,5.7100,10300
09/22/2022,5.8000,6.0351,5.5300,5.8700,8700
09/26/2022,5.4883,5.5700,5.3992,5.3992,1100
09/27/2022,5.5200,5.9071,5.3600,5.5900,4000
09/28/2022,5.7300,5.8371,5.3301,5.6700,6200
09/29/2022,5.6700,5.6800,5.5100,5.5100,10700
09/30/2022,5.5937,5.6900,5.5937,5.6000,800
10/03/2022,5.6665,5.6665,5.6274,5.6274,800
10/05/2022,5.8455,5.8999,5.8067,5.8700,1400
10/06/2022,5.4850,5.8769,5.4221,5.7088,3900
10/10/2022,5.1185,5.8463,5.1185,5.7601,1300
10/11/2022,5.5290,5.7981,5.4300,5.7981,2700
10/12/2022,5.8000,6.1403,5.8000,6.0546,4400
10/14/2022,5.9000,5.9500,5.4000,5.6500,6600
10/17/2022,5.9500,6.7500,5.3001,6.0700,23400
10/19/2022,5.7000,5.9900,5.7000,5.9860,1500
10/20/2022,6.0800,6.0800,5.5300,5.6630,2600
10/21/2022,5.3400,5.9500,5.0900,5.9500,4600
10/25/2022,5.5000,5.8500,5.4500,5.8000,6200
10/26/2022,5.8000,5.8000,5.2500,5.5800,5700
10/28/2022,5.5000,5.7298,5.4700,5.5388,7100
10/31/2022,5.5300,5.5300,5.4400,5.4400,1700
11/01/2022,5.2800,5.7300,5.2800,5.7300,2800
11/02/2022,5.5400,5.7180,5.5400,5.7180,1000
11/03/2022,5.7600,5.7700,5.6850,5.6850,900
11/04/2022,5.3971,5.6700,5.3971,5.6700,800
11/08/2022,5.7000,5.8899,5.5100,5.5100,2000
11/09/2022,5.7346,5.7346,5.0500,5.0500,8700
11/10/2022,5.4000,5.4000,5.2000,5.4000,5700
11/11/2022,5.2300,5.5000,4.9500,5.2500,17700
11/14/2022,4.7700,4.7700,4.4200,4.4900,26500
11/15/2022,4.5201,5.6459,4.5201,4.6550,49500
11/16/2022,4.6600,4.8500,4.5500,4.8500,4600
11/17/2022,4.6500,5.0096,4.5600,4.6700,4900
11/18/2022,4.6700,5.3300,4.6500,5.0650,5400
11/22/2022,4.9400,5.2300,4.2100,4.6500,40200
11/23/2022,4.6600,4.9600,4.4500,4.7000,12600
11/25/2022,4.5700,5.8000,4.5700,5.2600,80400
11/28/2022,6.2900,6.5500,5.7400,6.4900,548600
11/29/2022,6.2400,6.2400,5.1000,5.5790,66400
11/30/2022,5.2000,5.3000,4.9200,5.1700,10700
12/01/2022,5.1000,5.1000,4.3600,4.9700,15100
12/02/2022,4.9660,5.2800,4.6960,5.1400,14600
12/05/2022,5.1000,5.2369,5.0000,5.0700,2000
12/06/2022,5.2200,5.2200,5.0000,5.1800,9700
12/07/2022,5.3400,5.5000,5.2000,5.3985,5700
12/08/2022,5.4600,5.4605,4.6100,4.8100,55800
12/09/2022,5.0000,5.0000,4.6100,4.6899,11200
12/12/2022,4.6100,5.1200,4.6100,4.9104,15700
12/13/2022,4.8500,5.3000,4.7200,4.7500,24600
12/14/2022,5.0900,5.2400,4.6100,4.6100,15200
12/15/2022,4.6100,4.9899,4.6100,4.9500,20900
12/16/2022,5.0000,5.2052,4.7700,4.7700,11600
12/19/2022,4.9100,5.2000,4.6611,4.6800,13900
12/20/2022,5.2164,5.2164,4.6201,4.9000,16400
12/21/2022,5.0000,5.4900,4.9900,5.3500,21300
12/22/2022,5.3100,5.3100,5.2001,5.2001,2500
12/23/2022,5.1800,5.2265,4.9900,4.9900,10600
12/27/2022,4.9500,5.1450,4.9000,4.9499,3100
12/28/2022,4.9000,4.9200,4.6100,4.6100,7100
12/29/2022,4.6100,4.8600,4.6100,4.8100,4000
12/30/2022,4.9800,4.9800,4.3321,4.4163,5900
01/03/2023,4.3500,4.6400,4.3400,4.6400,2600
01/04/2023,4.6500,4.6500,4.5928,4.5928,2100
01/05/2023,4.5800,4.5800,4.5700,4.5700,800
01/06/2023,4.5000,4.7953,4.5000,4.6450,6300
01/09/2023,4.7600,5.0500,4.5201,4.5201,22000
01/10/2023,4.5200,4.5270,4.3200,4.5270,25300
01/11/2023,4.4000,4.5700,4.3300,4.4800,7600
01/12/2023,4.3500,4.4800,4.3500,4.4800,2600
01/13/2023,4.4800,4.4800,4.3600,4.3601,8500
01/17/2023,4.4600,4.8800,4.2900,4.4500,36400
01/18/2023,4.5900,4.5900,4.3300,4.3300,15600
01/19/2023,4.6200,4.6200,4.3100,4.3100,5500
01/20/2023,4.3000,4.4000,4.2900,4.3900,1300
01/23/2023,4.7900,4.8000,4.4000,4.5000,4300
01/24/2023,4.4300,4.7432,4.4300,4.6800,900
01/25/2023,4.6000,4.8141,4.3316,4.5500,2800
01/26/2023,4.6100,4.7000,4.3500,4.4900,9600
01/27/2023,4.6500,4.6500,4.4600,4.4900,2800
01/30/2023,4.4100,4.4274,4.4100,4.4274,700
01/31/2023,4.4400,4.7499,4.4000,4.5250,12900
02/01/2023,4.3500,4.5100,4.3500,4.4400,3500
02/02/2023,4.3500,4.5499,4.2100,4.2400,10100
02/03/2023,4.2200,4.4130,4.2100,4.2300,9000
02/06/2023,4.4899,4.4899,4.4899,4.4899,600
02/07/2023,4.4300,4.4350,4.2500,4.4200,2000
02/08/2023,4.3200,4.4500,4.3200,4.4500,1500
02/09/2023,4.3400,4.3400,4.2300,4.2500,3300
02/10/2023,4.2200,4.3300,4.0001,4.1599,14800
02/14/2023,4.0300,4.0500,3.9600,3.9600,2700
02/15/2023,3.8300,3.9600,3.8100,3.8100,5700
02/16/2023,3.8200,3.9000,3.8200,3.9000,2300
02/17/2023,3.9000,4.0000,3.9000,3.9800,2100
02/21/2023,3.9000,3.9000,3.5600,3.7900,21800
02/22/2023,3.6800,3.7900,3.5000,3.5300,2400
02/23/2023,3.5000,3.8586,3.4600,3.4600,2600
02/24/2023,3.2800,3.2800,3.2116,3.2116,1500
02/27/2023,3.0100,3.0290,2.8800,2.8800,14300
03/01/2023,2.8000,2.8220,2.5000,2.7500,6200
03/02/2023,2.6300,2.6900,2.5700,2.6900,2300
03/03/2023,2.5200,2.5999,2.5100,2.5742,3700
03/06/2023,2.5350,2.5699,2.5000,2.5699,3600
03/07/2023,2.6400,2.7500,2.6100,2.6100,7600
03/08/2023,2.6300,2.7250,2.6200,2.7100,2300
03/10/2023,2.5900,2.5900,2.4900,2.4900,600
03/13/2023,2.4900,2.4900,2.2000,2.2100,10200
03/14/2023,2.1200,2.2999,2.1200,2.2254,2700
03/15/2023,2.1400,2.2000,2.1300,2.1400,9200
03/16/2023,2.1500,2.3000,2.1401,2.3000,4400
03/17/2023,2.2304,2.3000,2.2304,2.3000,1900
03/21/2023,2.4900,2.4900,2.1000,2.1300,26900
03/22/2023,2.1300,2.2000,2.0127,2.0200,3100
03/23/2023,2.0500,2.4000,2.0300,2.0300,3100
03/24/2023,2.2200,2.2200,2.0600,2.0600,500
03/27/2023,2.0800,2.0800,1.7600,1.9000,9200
03/28/2023,1.9000,2.0600,1.9000,2.0410,3600
03/30/2023,1.8300,1.8301,1.6250,1.6800,13300
03/31/2023,1.5800,1.6862,1.5201,1.5601,4800
04/03/2023,1.6000,1.6000,1.5100,1.5904,4300
04/04/2023,1.5000,1.5720,1.5000,1.5000,3100
04/05/2023,1.6000,1.6000,1.5300,1.5966,6900
04/06/2023,1.6000,2.4000,1.5740,1.8200,363000
04/11/2023,1.5800,1.6400,1.4700,1.5100,21800
04/12/2023,1.5200,1.7100,1.5100,1.6300,11100
04/14/2023,1.4800,1.6899,1.4500,1.4694,8000
04/17/2023,1.3800,2.9000,1.2500,1.7000,1323600
04/18/2023,1.5500,1.8927,1.4600,1.6237,223300
04/20/2023,1.3900,1.5900,1.3800,1.4500,74500
04/21/2023,1.4500,1.5100,1.4300,1.4700,10900
04/25/2023,1.4600,1.4724,1.4000,1.4724,7000
04/26/2023,1.4100,1.4200,1.3900,1.4000,10600
04/27/2023,1.3280,1.3799,1.3100,1.3500,7600
05/01/2023,1.3400,1.3499,1.3100,1.3448,11400
05/02/2023,1.3200,1.9600,1.3100,1.4600,452200
05/04/2023,1.3700,1.4900,1.2000,1.3300,675300
05/05/2023,1.3200,1.3200,1.1800,1.2300,412100
05/08/2023,1.2300,1.2300,1.0700,1.1300,256300
05/09/2023,1.1000,1.1780,1.0200,1.0800,148100
05/10/2023,1.1300,1.1500,1.0400,1.1098,152100
05/11/2023,1.1300,1.1500,1.0600,1.0987,213600
05/15/2023,1.0900,1.1500,0.9501,1.0500,167200
05/16/2023,1.2700,2.5000,1.2500,1.4900,39609000
05/17/2023,1.3600,1.6700,1.2500,1.6100,1126100
05/18/2023,1.5800,1.6400,1.3605,1.4700,524200
05/19/2023,1.4700,1.5200,1.3700,1.4500,205100
05/22/2023,1.4500,1.6700,1.3700,1.6200,380200
05/24/2023,1.5400,1.7500,1.5400,1.6400,162100
05/25/2023,1.6200,1.6800,1.5600,1.6200,65800
05/30/2023,1.5300,1.5680,1.3900,1.3900,81000
05/31/2023,1.4100,1.4400,1.2300,1.3300,101000
06/01/2023,1.2900,1.3712,1.1900,1.3100,98900
06/05/2023,1.3500,1.3900,1.3200,1.3599,36500
06/06/2023,1.3400,1.4500,1.3400,1.4100,64200
06/08/2023,1.4000,1.5199,1.3000,1.3200,191800
06/09/2023,1.3200,1.4300,1.3200,1.4100,56400
06/12/2023,1.3200,1.4550,1.3200,1.3703,17700
06/14/2023,1.3300,1.3550,1.3100,1.3408,15900
06/15/2023,1.3000,1.3698,1.2900,1.3390,43000
06/20/2023,1.3200,1.4087,1.3200,1.3400,40900
06/21/2023,1.3500,1.4750,1.3200,1.3900,76500
06/22/2023,1.3700,1.4100,1.3230,1.3300,42200
06/23/2023,1.3700,1.4500,1.3000,1.3200,74200
06/26/2023,1.3800,1.3800,1.2800,1.3000,23200
06/27/2023,1.3800,1.4000,1.2800,1.3400,31200
06/29/2023,1.3700,1.4500,1.2300,1.3800,683100
06/30/2023,1.3400,1.4200,1.3000,1.3300,103200
07/03/2023,1.3300,1.6500,1.3300,1.5800,229300
07/05/2023,1.5300,1.7199,1.5300,1.6500,115800
07/06/2023,1.6500,1.7200,1.5200,1.6400,115600
07/07/2023,1.5900,1.7000,1.5700,1.6800,27000
07/11/2023,1.6900,1.8000,1.6300,1.7902,43100
07/12/2023,1.8600,1.8600,1.4220,1.5200,471400
07/13/2023,1.6800,1.7500,1.4600,1.5600,129000
07/14/2023,1.4000,1.6000,1.3600,1.6000,21000
07/17/2023,1.6500,1.6600,1.5200,1.5510,16500
07/18/2023,2.2700,2.4900,1.8600,2.0000,40666400
07/20/2023,1.9900,2.0000,1.8200,1.9900,266700
07/21/2023,1.9600,1.9799,1.7900,1.8000,152700
07/24/2023,1.8000,1.9499,1.7879,1.8800,149200
07/25/2023,1.9000,1.9200,1.7600,1.8600,122600
07/26/2023,1.8000,1.8500,1.7400,1.7400,68900
07/27/2023,1.7000,1.7800,1.6000,1.6000,92200
07/31/2023,1.6100,1.6700,1.5700,1.6100,26300
08/01/2023,1.5600,1.7900,1.5600,1.6400,140800
08/02/2023,1.6800,1.7500,1.6000,1.6000,18300
08/03/2023,1.6600,1.7871,1.6000,1.7400,82000
08/04/2023,1.7800,1.8500,1.7350,1.8200,44700
08/07/2023,1.8100,1.9500,1.7700,1.8300,94400
08/08/2023,1.7700,1.8450,1.7700,1.7800,22300
08/09/2023,1.8500,1.9200,1.7000,1.7800,73200
08/10/2023,1.7900,1.8300,1.6500,1.6500,36800
08/11/2023,1.6700,1.8300,1.6500,1.7300,34700
08/14/2023,1.7900,1.7900,1.6165,1.7300,8100
08/15/2023,1.6300,1.7600,1.6300,1.6500,16200
08/16/2023,1.6500,1.6500,1.5300,1.5300,6900
08/17/2023,1.5395,1.5395,1.3801,1.4001,32300
08/18/2023,1.4600,1.6800,1.4000,1.4500,141000
08/21/2023,1.4300,1.4300,1.3600,1.3900,19400
08/22/2023,1.3300,1.3900,1.2500,1.3100,32300
08/23/2023,1.2501,1.3400,1.2501,1.3000,45100
08/24/2023,1.3250,1.3688,1.2705,1.3688,12600
08/25/2023,1.3200,1.3500,1.2700,1.2900,8100
08/28/2023,1.2600,1.2600,1.1600,1.2000,31000
08/29/2023,1.1580,1.2200,1.1500,1.1950,15500
08/30/2023,1.2000,1.2099,1.1500,1.1500,12600
08/31/2023,1.1700,1.2600,1.1144,1.2400,17300
09/01/2023,1.2100,1.2300,1.1700,1.1900,33700
09/05/2023,1.2000,1.2001,1.1008,1.1800,16600
09/06/2023,1.1850,1.1850,1.0600,1.1000,7800
09/07/2023,1.0700,1.1000,1.0500,1.0832,21900
09/08/2023,1.0600,1.0800,1.0513,1.0650,9100
09/11/2023,1.0500,1.2000,1.0500,1.0800,76300
09/12/2023,1.0600,1.1400,1.0400,1.0948,22400
09/13/2023,1.0500,1.0958,1.0400,1.0400,12900
09/14/2023,1.0900,1.0900,1.0600,1.0800,7400
09/15/2023,1.0400,1.1300,1.0300,1.1300,19100
09/18/2023,1.0700,1.0700,1.0500,1.0500,1500
09/19/2023,1.0517,1.1399,1.0500,1.0900,2100
09/20/2023,1.0688,1.1000,1.0688,1.0800,6600
09/21/2023,1.0700,1.0700,1.0300,1.0300,4200
09/22/2023,1.0100,1.0450,1.0100,1.0400,4700
09/25/2023,1.0250,1.0464,0.9727,0.9849,5200
09/26/2023,1.1799,1.1799,1.0000,1.0500,7900
09/27/2023,0.9900,1.0898,0.9900,1.0400,6500
09/28/2023,1.0000,1.0200,0.9998,1.0000,9300
09/29/2023,1.0091,1.0400,1.0000,1.0099,8100
10/02/2023,1.0008,1.0499,1.0000,1.0000,4200
10/03/2023,1.0000,1.0600,0.9956,0.9974,9000
10/04/2023,1.0899,1.0899,1.0899,1.0899,900
10/05/2023,1.0900,1.0900,1.0000,1.0000,22000
10/06/2023,1.0200,1.0541,0.9900,1.0200,8800
10/09/2023,0.9800,1.0199,0.8977,0.9500,22000
10/10/2023,0.9500,0.9500,0.9000,0.9101,5800
10/12/2023,0.8600,0.9300,0.8600,0.9300,8100
10/13/2023,0.9000,0.9300,0.9000,0.9000,2800
10/16/2023,0.9001,0.9330,0.8400,0.8400,11800
10/17/2023,0.8199,0.8500,0.7000,0.7674,47000
10/18/2023,0.8100,0.8800,0.7200,0.7420,15900
10/19/2023,0.7500,0.7700,0.7302,0.7500,12700
10/23/2023,0.7505,0.7600,0.7501,0.7600,1400
10/24/2023,0.7600,0.8202,0.7500,0.7775,2200
10/25/2023,0.8051,0.8051,0.6112,0.7000,16100
10/26/2023,0.8000,1.0300,0.7600,0.8516,2137800
10/27/2023,0.8100,0.8983,0.7811,0.8951,82000
10/30/2023,0.8682,0.8682,0.8245,0.8245,149500
11/01/2023,0.8247,0.8600,0.8247,0.8346,21600
11/02/2023,0.8500,0.8500,0.8245,0.8402,14400
11/03/2023,0.8400,0.8760,0.8200,0.8500,32600
11/06/2023,0.8200,0.9200,0.8200,0.9200,23900
11/07/2023,0.8905,0.8950,0.8450,0.8600,27300
11/08/2023,0.8700,0.8700,0.7000,0.8100,16700
11/10/2023,0.8245,0.8245,0.7950,0.7999,8400
11/13/2023,0.7900,1.1477,0.7809,1.0600,748400
11/14/2023,0.9400,1.0900,0.9008,1.0800,230300
11/15/2023,1.0500,1.0500,0.9765,1.0400,85800
11/16/2023,0.9500,0.9700,0.7600,0.9500,70700
11/17/2023,0.9500,0.9975,0.8401,0.8830,46800
11/21/2023,0.8700,0.9800,0.8500,0.9699,9100
11/22/2023,0.9300,0.9582,0.8608,0.9400,12100
11/27/2023,1.3400,1.3700,1.1400,1.2400,683500
11/28/2023,1.2400,1.2400,1.0300,1.1600,153900
11/29/2023,1.1000,1.1700,1.0300,1.1300,98000
12/01/2023,1.2200,1.3000,1.0801,1.2400,171400
12/04/2023,1.2200,1.2500,1.1000,1.1900,44100
12/06/2023,1.2200,1.2200,1.1400,1.1600,21300
12/07/2023,1.1600,1.1900,1.1100,1.1400,9500
12/08/2023,1.1300,1.1300,1.0100,1.0801,46400
12/12/2023,1.1100,1.1300,1.0500,1.1200,6900
12/13/2023,1.1300,1.1600,1.0700,1.1100,35500
12/15/2023,1.1600,1.2099,1.1300,1.1700,15500
12/18/2023,1.0700,1.1600,1.0700,1.1000,6000
12/19/2023,1.1100,1.1899,1.0801,1.1650,27200
12/20/2023,1.2000,1.2000,1.0000,1.1450,27000
12/21/2023,1.2200,1.2200,1.0500,1.1000,24700
12/22/2023,1.0600,1.1400,1.0600,1.0706,20700
12/27/2023,1.1400,1.1400,1.0000,1.0000,31100
12/28/2023,1.0400,1.0600,1.0100,1.0300,45100
12/29/2023,1.0120,1.0500,0.9952,1.0100,23100
01/02/2024,1.0100,1.0500,1.0100,1.0342,6500
01/03/2024,1.0400,1.0600,1.0100,1.0400,15700
