"Date","Price","Open","High","Low","Vol.","Change %"
"2025-04-30","12.32","12.15","12.53","11.98","24.97K","-0.24%"
"2025-04-29","12.35","12.15","12.35","11.98","19.05K","1.90%"
"2025-04-28","12.12","11.90","12.18","11.90","34.85K","2.80%"
"2025-04-25","11.79","11.72","11.79","11.48","5.49K","-2.56%"
"2025-04-24","12.10","10.26","12.10","10.26","27.33K","5.49%"
"2025-04-23","11.47","11.20","11.47","10.76","12.62K","3.33%"
"2025-04-22","11.10","10.57","11.15","10.57","16.58K","4.32%"
"2025-04-21","10.64","10.52","10.73","10.52","12.75K","-0.19%"
"2025-04-17","10.66","10.67","10.93","10.36","25.05K","-0.19%"
"2025-04-16","10.68","10.58","10.70","10.58","29.25K","0.09%"
"2025-04-15","10.67","10.37","10.73","10.37","29.54K","2.01%"
"2025-04-14","10.46","10.29","10.55","10.18","52.91K","2.25%"
"2025-04-11","10.23","10.04","10.48","10.04","25.36K","-0.39%"
"2025-04-10","10.27","10.28","10.44","10.10","19.86K","-3.75%"
"2025-04-09","10.67","10.13","11.07","10.10","54.02K","3.89%"
"2025-04-08","10.27","10.47","10.63","10.10","42.82K","-1.34%"
"2025-04-07","10.41","10.22","10.60","10.02","23.65K","1.56%"
"2025-04-04","10.25","9.75","10.32","9.75","28.95K","1.08%"
"2025-04-03","10.14","10.59","10.59","10.10","23.62K","-8.40%"
"2025-04-02","11.07","10.69","11.11","10.69","19.60K","2.03%"
"2025-04-01","10.85","10.85","10.92","10.72","24.66K","-0.64%"
"2025-03-31","10.92","10.81","11.08","10.79","12.67K","0.55%"
"2025-03-28","10.86","10.77","10.86","10.71","12.99K","-1.54%"
"2025-03-27","11.03","11.00","11.10","10.89","7.22K","-0.54%"
"2025-03-26","11.09","11.11","11.13","11.00","6.36K","0.64%"
"2025-03-25","11.02","10.95","11.39","10.95","23.05K","1.29%"
"2025-03-24","10.88","10.65","10.93","10.65","15.12K","2.45%"
"2025-03-21","10.62","10.83","10.92","10.54","34.00K","-1.85%"
"2025-03-20","10.82","10.83","11.02","10.82","15.20K","-1.37%"
"2025-03-19","10.97","10.90","11.06","10.90","29.97K","0.73%"
"2025-03-18","10.89","10.90","11.03","10.85","10.70K","-0.18%"
"2025-03-17","10.91","10.83","10.98","10.78","27.98K","1.30%"
"2025-03-14","10.77","10.90","10.90","10.70","23.34K","-0.37%"
"2025-03-13","10.81","10.85","11.03","10.79","19.71K","0.46%"
"2025-03-12","10.76","10.70","10.98","10.60","21.00K","3.16%"
"2025-03-11","10.43","10.86","10.86","10.43","11.15K","-3.96%"
"2025-03-10","10.86","11.15","11.22","10.85","22.99K","-4.49%"
"2025-03-07","11.37","11.37","11.51","11.10","6.91K","-0.61%"
"2025-03-06","11.44","11.38","11.55","11.38","8.82K","-0.95%"
"2025-03-05","11.55","11.70","11.90","11.50","7.22K","-1.28%"
"2025-03-04","11.70","11.87","11.93","11.69","16.09K","-2.82%"
"2025-03-03","12.04","12.17","12.29","12.03","12.01K","0.25%"
"2025-02-28","12.01","12.14","12.14","12.01","3.21K","-0.08%"
"2025-02-27","12.02","12.02","12.02","11.95","3.03K","-1.80%"
"2025-02-26","12.24","12.25","12.25","12.00","14.00K","0.45%"
"2025-02-25","12.19","12.25","12.31","12.15","2.97K","0.70%"
"2025-02-24","12.10","12.01","12.25","12.01","10.99K","0.83%"
"2025-02-21","12.00","12.24","12.38","12.00","26.43K","-2.36%"
"2025-02-20","12.29","12.66","12.75","12.21","43.55K","-2.92%"
"2025-02-19","12.66","12.60","12.68","12.54","21.38K","0.40%"
"2025-02-18","12.61","12.65","12.75","12.61","5.93K","-0.08%"
"2025-02-14","12.62","12.65","12.68","12.48","6.59K","0.72%"
"2025-02-13","12.53","12.47","12.63","12.47","7.16K","-0.16%"
"2025-02-12","12.55","12.50","12.58","12.44","20.97K","-0.79%"
"2025-02-11","12.65","12.64","12.76","12.63","9.21K","1.12%"
"2025-02-10","12.51","12.45","12.59","12.44","19.58K","0.08%"
"2025-02-07","12.50","12.52","12.58","12.31","9.45K","-0.64%"
"2025-02-06","12.58","12.27","12.65","12.27","46.79K","2.11%"
"2025-02-05","12.32","12.35","12.44","12.25","21.22K","-0.24%"
"2025-02-04","12.35","12.17","12.35","12.09","3.31K","0.41%"
"2025-02-03","12.30","12.45","12.88","12.30","6.99K","-2.46%"
"2025-01-31","12.61","12.72","12.76","12.52","12.50K","-1.56%"
"2025-01-30","12.81","12.73","12.93","12.73","8.03K","0.95%"
"2025-01-29","12.69","12.53","12.78","12.53","10.54K","0.63%"
"2025-01-28","12.61","12.67","12.68","12.52","23.69K","-0.08%"
"2025-01-27","12.62","12.50","12.72","12.46","9.00K","1.77%"
"2025-01-24","12.40","12.45","12.52","12.36","9.65K","-0.56%"
"2025-01-23","12.47","12.20","12.58","12.20","16.19K","1.14%"
"2025-01-22","12.33","12.42","12.55","12.24","4.17K","-0.16%"
"2025-01-21","12.35","12.24","12.59","12.24","69.48K","1.98%"
"2025-01-17","12.11","13.08","13.08","12.09","28.17K","-0.33%"
"2025-01-16","12.15","12.27","12.27","12.05","5.56K","0.00%"
"2025-01-15","12.15","11.92","12.25","11.92","11.96K","2.10%"
"2025-01-14","11.90","11.46","11.94","11.46","15.53K","3.21%"
"2025-01-13","11.53","11.23","11.60","11.20","10.53K","1.86%"
"2025-01-10","11.32","11.52","11.55","11.18","7.96K","-3.25%"
"2025-01-08","11.70","11.70","11.83","11.60","14.48K","0.00%"
"2025-01-07","11.70","11.71","11.88","11.67","11.74K","-0.09%"
"2025-01-06","11.71","11.68","12.00","11.62","19.91K","-0.17%"
"2025-01-03","11.73","11.72","11.87","11.72","10.42K","-0.26%"
"2025-01-02","11.76","12.05","12.08","11.76","11.06K","-2.00%"
"2024-12-31","12.00","12.02","12.03","11.93","5.62K","-0.08%"
"2024-12-30","12.01","11.96","12.04","11.86","8.60K","-0.08%"
"2024-12-27","12.02","12.22","12.23","11.84","11.16K","-0.91%"
"2024-12-26","12.13","12.09","12.22","12.04","10.22K","0.08%"
"2024-12-24","12.12","12.13","12.16","12.01","5.25K","0.33%"
"2024-12-23","12.08","12.24","12.24","11.97","35.94K","-1.71%"
"2024-12-20","12.29","12.02","12.29","12.02","9.72K","1.99%"
"2024-12-19","12.05","12.56","12.56","12.03","16.04K","-1.87%"
"2024-12-18","12.28","12.76","12.93","12.11","37.63K","-4.36%"
"2024-12-17","12.84","12.92","12.92","12.79","6.47K","-1.08%"
"2024-12-16","12.98","12.81","13.05","12.81","17.52K","1.17%"
"2024-12-13","12.83","12.87","12.87","12.77","12.02K","-1.00%"
"2024-12-12","12.96","13.01","13.12","12.89","7.79K","-1.14%"
"2024-12-11","13.11","12.86","13.16","12.86","9.68K","0.85%"
"2024-12-10","13.00","12.91","13.16","12.84","16.60K","0.78%"
"2024-12-09","12.90","12.88","13.00","12.86","10.33K","0.12%"
"2024-12-06","12.89","12.97","12.97","12.84","15.90K","-0.19%"
"2024-12-05","12.91","13.25","13.31","12.91","19.43K","-1.83%"
"2024-12-04","13.15","12.92","13.15","12.92","6.35K","1.31%"
"2024-12-03","12.98","13.26","13.26","12.98","7.37K","-1.96%"
"2024-12-02","13.24","13.22","13.36","12.66","19.59K","0.15%"
"2024-11-29","13.22","13.30","13.30","13.02","15.01K","0.46%"
"2024-11-27","13.16","13.28","13.32","13.16","4.09K","-1.05%"
"2024-11-26","13.30","13.36","13.40","13.26","5.75K","-0.97%"
"2024-11-25","13.43","13.30","13.87","13.26","86.33K","1.05%"
"2024-11-22","13.29","13.07","13.30","13.05","25.71K","2.07%"
"2024-11-21","13.02","13.02","13.20","13.01","8.54K","0.62%"
"2024-11-20","12.94","13.07","13.07","12.76","27.21K","-0.15%"
"2024-11-19","12.96","12.91","13.05","12.83","43.80K","0.00%"
"2024-11-18","12.96","13.00","13.06","12.92","20.14K","-0.08%"
"2024-11-15","12.97","13.16","13.16","12.91","28.64K","-1.97%"
"2024-11-14","13.23","13.23","13.24","13.13","12.78K","-0.30%"
"2024-11-13","13.27","13.30","13.45","13.26","23.50K","0.00%"
"2024-11-12","13.27","13.35","13.43","13.20","81.79K","-0.45%"
"2024-11-11","13.33","13.11","13.43","13.05","254.94K","2.70%"
"2024-11-08","12.98","13.04","13.21","12.96","179.05K","0.08%"
"2024-11-07","12.97","13.13","13.13","12.85","139.52K","-0.38%"
"2024-11-06","13.02","12.72","13.15","12.71","306.56K","5.00%"
"2024-11-05","12.40","12.52","12.55","12.25","106.82K","0.08%"
"2024-11-04","12.39","12.40","12.54","12.05","215.67K","0.24%"
"2024-11-01","12.36","12.75","12.80","12.17","278.94K","-2.98%"
"2024-10-31","12.74","12.53","12.75","12.53","1.65K","0.71%"
"2024-10-30","12.65","12.80","12.83","12.65","5.94K","-0.78%"
"2024-10-29","12.75","12.75","12.75","12.27","1.24K","0.00%"
"2024-10-28","12.75","12.60","12.75","12.60","7.85K","1.27%"
"2024-10-25","12.59","12.75","12.80","12.59","35.30K","1.37%"
"2024-10-24","12.42","12.40","12.48","12.40","7.84K","0.57%"
"2024-10-23","12.35","12.38","12.40","12.35","2.63K","-0.40%"
"2024-10-22","12.40","12.36","12.40","12.35","10.88K","0.00%"
"2024-10-21","12.40","12.50","12.60","12.40","18.97K","-1.43%"
"2024-10-18","12.58","12.04","12.65","12.04","29.07K","3.54%"
"2024-10-17","12.15","12.10","12.15","12.10","2.85K","-0.41%"
"2024-10-16","12.20","12.16","12.20","12.10","1.88K","-0.08%"
"2024-10-15","12.21","12.16","12.29","12.12","5.15K","0.16%"
"2024-10-14","12.19","12.17","12.19","12.16","2.40K","0.25%"
"2024-10-11","12.16","12.18","12.18","12.16","1.06K","-2.09%"
"2024-10-10","12.42","12.42","12.42","12.42","1.29K","-0.32%"
"2024-10-09","12.46","12.45","12.46","12.43","4.09K","-0.32%"
"2024-10-08","12.50","12.45","12.50","12.45","11.03K","0.40%"
"2024-10-07","12.45","12.29","12.45","12.29","8.66K","0.81%"
"2024-10-04","12.35","12.10","12.35","12.09","22.73K","1.56%"
"2024-10-03","12.16","12.16","12.16","12.16","0.67K","-0.73%"
"2024-10-02","12.25","12.05","12.29","12.05","5.32K","-0.33%"
"2024-10-01","12.29","12.23","12.35","12.23","6.29K","0.33%"
"2024-09-30","12.25","12.30","12.40","12.24","6.80K","-1.21%"
"2024-09-27","12.40","12.20","12.40","12.18","14.96K","2.23%"
"2024-09-26","12.13","12.10","12.13","12.03","4.35K","-0.98%"
"2024-09-25","12.25","11.95","12.25","11.95","13.49K","2.08%"
"2024-09-24","12.00","11.95","12.18","11.95","10.36K","0.17%"
"2024-09-23","11.98","11.90","12.00","11.90","13.39K","0.67%"
"2024-09-20","11.90","11.95","12.00","11.90","39.13K","-0.42%"
"2024-09-19","11.95","11.98","12.17","11.95","15.41K","1.27%"
"2024-09-18","11.80","11.78","12.00","11.75","14.31K","-0.92%"
"2024-09-17","11.91","11.90","12.00","11.90","6.79K","0.08%"
"2024-09-16","11.90","11.80","11.90","11.80","11.84K","1.71%"
"2024-09-13","11.70","11.65","11.80","11.61","17.53K","0.43%"
"2024-09-12","11.65","11.63","11.65","11.59","6.35K","0.95%"
"2024-09-11","11.54","11.47","11.54","11.40","5.94K","-0.94%"
"2024-09-10","11.65","11.50","11.65","11.35","10.25K","0.00%"
"2024-09-09","11.65","11.66","11.66","11.55","7.16K","-1.19%"
"2024-09-06","11.79","11.70","11.80","11.70","4.07K","-0.08%"
"2024-09-05","11.80","11.66","11.80","11.66","1.21K","0.00%"
"2024-09-04","11.80","11.83","11.83","11.68","1.51K","-0.25%"
"2024-09-03","11.83","11.83","11.90","11.80","13.01K","-1.42%"
"2024-08-30","12.00","11.89","12.00","11.84","6.04K","0.67%"
"2024-08-29","11.92","11.88","11.92","11.86","8.29K","0.42%"
"2024-08-28","11.87","11.70","11.87","11.70","1.90K","0.08%"
"2024-08-27","11.86","11.85","11.90","11.70","13.49K","0.08%"
"2024-08-26","11.85","11.73","11.90","11.73","14.87K","0.85%"
"2024-08-23","11.75","11.89","11.90","11.73","23.22K","-1.18%"
"2024-08-22","11.89","11.60","11.89","11.60","2.88K","-0.50%"
"2024-08-21","11.95","12.00","12.00","11.94","7.33K","0.84%"
"2024-08-20","11.85","11.66","11.85","11.60","7.12K","-0.50%"
"2024-08-19","11.91","11.56","11.95","11.56","17.45K","-0.33%"
"2024-08-16","11.95","11.84","11.95","11.84","7.16K","3.37%"
"2024-08-15","11.56","11.62","11.70","11.48","17.68K","-1.11%"
"2024-08-14","11.69","11.68","11.75","11.62","6.87K","-0.93%"
"2024-08-13","11.80","11.90","11.90","11.78","5.14K","1.90%"
"2024-08-12","11.58","11.65","11.81","11.58","2.60K","-2.03%"
"2024-08-09","11.82","11.79","11.90","11.71","8.25K","-1.01%"
"2024-08-08","11.94","11.85","11.94","11.85","4.77K","0.51%"
"2024-08-07","11.88","11.89","11.99","11.84","3.80K","1.71%"
"2024-08-06","11.68","11.92","11.92","11.68","5.70K","-3.47%"
"2024-08-05","12.10","11.79","12.11","11.79","5.74K","-1.22%"
"2024-08-02","12.25","12.02","12.25","11.76","12.42K","0.82%"
"2024-08-01","12.15","12.22","12.25","12.00","11.02K","-0.82%"
"2024-07-31","12.25","12.00","12.25","12.00","14.49K","-1.21%"
"2024-07-30","12.40","12.15","12.40","12.00","20.41K","2.48%"
"2024-07-29","12.10","11.95","12.20","11.93","40.19K","1.68%"
"2024-07-26","11.90","11.85","11.95","11.70","11.03K","-0.42%"
"2024-07-25","11.95","11.65","11.95","11.65","3.33K","0.00%"
"2024-07-24","11.95","11.85","11.95","11.74","8.65K","0.00%"
"2024-07-23","11.95","11.85","11.95","11.79","12.99K","0.00%"
"2024-07-22","11.95","11.99","11.99","11.80","15.97K","0.59%"
"2024-07-19","11.88","12.11","12.13","11.88","12.99K","-1.33%"
"2024-07-18","12.04","12.08","12.16","11.79","10.46K","0.75%"
"2024-07-17","11.95","11.83","12.07","11.80","15.86K","3.20%"
"2024-07-16","11.58","11.14","11.77","11.14","25.33K","3.95%"
"2024-07-15","11.14","11.24","11.34","11.14","17.93K","-1.68%"
"2024-07-12","11.33","11.18","11.33","11.03","4.86K","3.00%"
"2024-07-11","11.00","10.86","11.03","10.86","25.13K","-0.90%"
"2024-07-10","11.10","11.20","11.32","10.80","18.61K","-1.42%"
"2024-07-09","11.26","11.38","11.38","11.22","3.89K","-2.00%"
"2024-07-08","11.49","11.40","11.49","11.40","2.86K","0.26%"
"2024-07-05","11.46","11.28","11.52","11.25","5.63K","-0.95%"
"2024-07-03","11.57","11.57","11.57","11.57","0.16K","1.85%"
"2024-07-02","11.36","11.20","11.40","11.20","7.84K","1.34%"
"2024-07-01","11.21","11.03","11.33","11.03","4.81K","-1.67%"
"2024-06-28","11.40","11.03","11.61","11.03","12.59K","-0.18%"
"2024-06-27","11.42","11.28","11.42","11.28","6.16K","0.62%"
"2024-06-26","11.35","11.33","11.38","11.25","4.19K","0.00%"
"2024-06-25","11.35","11.35","11.36","11.33","16.86K","-0.09%"
"2024-06-24","11.36","11.36","11.50","11.33","17.09K","0.26%"
"2024-06-21","11.33","11.70","11.71","11.33","46.70K","-3.16%"
"2024-06-20","11.70","11.60","11.73","11.57","12.54K","0.09%"
"2024-06-18","11.69","11.85","11.85","11.69","9.72K","-0.68%"
"2024-06-17","11.77","11.94","11.95","11.67","10.28K","-0.76%"
"2024-06-14","11.86","11.65","11.86","11.64","5.00K","1.37%"
"2024-06-13","11.70","11.61","11.78","11.61","2.95K","-0.76%"
"2024-06-12","11.79","11.60","11.79","11.60","4.33K","0.60%"
"2024-06-11","11.72","11.65","11.73","11.60","7.73K","0.60%"
"2024-06-10","11.65","11.86","11.90","11.63","11.12K","-1.44%"
"2024-06-07","11.82","11.99","11.99","11.82","14.37K","-1.17%"
"2024-06-06","11.96","11.91","11.99","11.90","7.29K","0.25%"
"2024-06-05","11.93","11.99","12.03","11.93","19.88K","-0.67%"
"2024-06-04","12.01","12.06","12.09","12.00","18.01K","-0.08%"
"2024-06-03","12.02","12.07","12.12","12.02","17.30K","-0.25%"
"2024-05-31","12.05","12.15","12.15","12.04","9.72K","0.08%"
"2024-05-30","12.04","12.06","12.15","12.04","7.35K","-0.25%"
"2024-05-29","12.07","11.99","12.13","11.99","6.65K","0.50%"
"2024-05-28","12.01","12.03","12.10","12.01","3.95K","0.00%"
"2024-05-24","12.01","12.02","12.09","11.99","18.44K","0.00%"
"2024-05-23","12.01","12.03","12.06","12.01","4.08K","-0.99%"
"2024-05-22","12.13","12.05","12.13","12.05","4.46K","1.08%"
"2024-05-21","12.00","12.14","12.14","12.00","5.43K","-0.08%"
"2024-05-20","12.01","12.03","12.14","12.01","56.46K","-0.41%"
"2024-05-17","12.06","12.14","12.15","12.06","7.69K","0.17%"
"2024-05-16","12.04","12.07","12.15","12.04","48.62K","0.08%"
"2024-05-15","12.03","12.18","12.29","12.03","22.04K","-0.58%"
"2024-05-14","12.10","12.05","12.20","12.05","18.28K","0.33%"
"2024-05-13","12.06","12.06","12.18","12.06","5.08K","-0.74%"
"2024-05-10","12.15","12.16","12.37","12.15","5.20K","0.00%"
"2024-05-09","12.15","12.43","12.43","12.15","9.24K","-1.62%"
"2024-05-08","12.35","12.26","12.46","12.25","18.49K","-0.16%"
"2024-05-07","12.37","12.25","12.40","12.13","20.25K","1.23%"
"2024-05-06","12.22","12.35","12.35","12.22","6.41K","0.00%"
"2024-05-03","12.22","12.10","12.35","12.10","13.03K","0.91%"
"2024-05-02","12.11","12.24","12.25","12.11","7.91K","-0.08%"
"2024-05-01","12.12","12.12","12.25","12.06","4.59K","-0.98%"
"2024-04-30","12.24","12.10","12.24","12.06","19.42K","1.66%"
"2024-04-29","12.04","12.05","12.21","12.02","16.11K","-0.17%"
"2024-04-26","12.06","12.09","12.16","12.05","5.98K","-0.17%"
"2024-04-25","12.08","12.06","12.22","12.05","11.87K","-1.23%"
"2024-04-24","12.23","12.09","12.23","12.05","6.10K","1.49%"
"2024-04-23","12.05","12.11","12.14","12.03","7.96K","-0.41%"
"2024-04-22","12.10","12.24","12.26","12.10","47.22K","-1.31%"
"2024-04-19","12.26","12.20","12.39","12.20","19.37K","0.25%"
"2024-04-18","12.23","12.46","12.46","12.23","0.64K","0.16%"
"2024-04-17","12.21","12.25","12.30","12.21","3.88K","0.00%"
"2024-04-16","12.21","12.30","12.34","12.21","4.48K","-0.16%"
"2024-04-15","12.23","12.25","12.44","12.23","3.32K","-0.16%"
"2024-04-12","12.25","12.26","12.26","12.25","3.34K","-0.33%"
"2024-04-11","12.29","12.29","12.29","12.29","0.56K","-0.57%"
"2024-04-10","12.36","12.35","12.42","12.35","1.30K","-1.12%"
"2024-04-09","12.50","12.28","12.50","12.25","17.05K","2.04%"
"2024-04-08","12.25","12.25","12.25","12.25","0.53K","-0.08%"
"2024-04-05","12.26","12.37","12.46","12.25","8.11K","-0.08%"
"2024-04-04","12.27","12.35","12.40","12.27","1.93K","-0.24%"
"2024-04-03","12.30","12.40","12.40","12.27","6.96K","-1.05%"
"2024-04-02","12.43","12.35","12.46","12.28","10.68K","0.24%"
"2024-04-01","12.40","12.37","12.46","12.28","11.78K","0.40%"
"2024-03-28","12.35","12.35","12.49","12.35","12.71K","0.65%"
"2024-03-27","12.27","12.31","12.44","12.26","14.25K","0.25%"
"2024-03-26","12.24","12.29","12.40","12.24","8.45K","0.41%"
"2024-03-25","12.19","12.25","12.38","12.19","7.34K","-1.30%"
"2024-03-22","12.35","12.16","12.36","12.16","2.75K","0.90%"
"2024-03-21","12.24","12.20","12.39","12.18","20.36K","0.74%"
"2024-03-20","12.15","12.30","12.35","12.15","7.05K","-1.14%"
"2024-03-19","12.29","12.30","12.40","12.17","12.01K","1.15%"
"2024-03-18","12.15","12.30","12.35","12.15","11.76K","-1.14%"
"2024-03-15","12.29","12.16","12.35","12.16","14.16K","-1.29%"
"2024-03-14","12.45","12.44","12.48","12.39","21.88K","-0.32%"
"2024-03-13","12.49","12.26","12.49","12.26","6.70K","1.63%"
"2024-03-12","12.29","12.25","12.37","12.25","4.37K","-0.49%"
"2024-03-11","12.35","12.45","12.49","12.26","7.18K","-0.32%"
"2024-03-08","12.39","12.19","12.42","12.14","11.44K","1.14%"
"2024-03-07","12.25","12.19","12.37","12.13","13.23K","1.91%"
"2024-03-06","12.02","12.04","12.17","12.02","5.28K","-0.25%"
"2024-03-05","12.05","12.06","12.18","12.05","5.98K","0.33%"
"2024-03-04","12.01","12.05","12.10","12.01","13.91K","-0.17%"
"2024-03-01","12.03","12.10","12.13","12.02","8.94K","-0.33%"
"2024-02-29","12.07","12.10","12.27","12.06","5.77K","0.42%"
"2024-02-28","12.02","12.08","12.17","12.02","4.58K","0.08%"
"2024-02-27","12.01","12.25","12.25","12.00","16.02K","-1.48%"
"2024-02-26","12.19","12.06","12.24","12.01","3.58K","0.91%"
"2024-02-23","12.08","12.10","12.34","12.08","8.21K","1.09%"
"2024-02-22","11.95","12.01","12.16","11.94","17.53K","-1.40%"
"2024-02-21","12.12","12.00","12.12","12.00","7.43K","0.83%"
"2024-02-20","12.02","12.07","12.11","11.99","6.07K","-0.99%"
"2024-02-16","12.14","12.25","12.45","12.14","3.31K","-2.41%"
"2024-02-15","12.44","12.34","12.44","12.34","2.80K","0.81%"
"2024-02-14","12.34","12.15","12.44","12.15","10.74K","2.15%"
"2024-02-13","12.08","12.32","12.44","11.93","29.33K","0.00%"
"2024-02-12","12.08","12.09","12.30","11.98","18.96K","-0.08%"
"2024-02-09","12.09","11.90","12.11","11.90","6.48K","3.42%"
"2024-02-08","11.69","11.66","11.90","11.53","57.64K","-0.09%"
"2024-02-07","11.70","12.02","12.05","11.61","67.02K","-2.66%"
"2024-02-06","12.02","12.36","12.53","12.02","39.54K","-2.12%"
"2024-02-05","12.28","12.25","12.38","12.22","18.84K","-0.32%"
"2024-02-02","12.32","12.36","12.40","12.25","17.28K","-0.32%"
"2024-02-01","12.36","12.37","12.51","12.22","22.86K","-0.08%"
"2024-01-31","12.37","12.70","12.70","12.37","17.07K","-2.29%"
"2024-01-30","12.66","12.74","12.89","12.66","11.51K","-1.25%"
"2024-01-29","12.82","12.86","12.89","12.82","4.40K","-1.08%"
"2024-01-26","12.96","12.75","12.96","12.74","31.99K","2.05%"
"2024-01-25","12.70","12.49","12.73","12.46","46.39K","1.60%"
"2024-01-24","12.50","12.41","12.55","12.39","31.48K","0.48%"
"2024-01-23","12.44","12.51","12.56","12.44","28.30K","-0.80%"
"2024-01-22","12.54","12.27","12.55","12.27","60.50K","2.62%"
"2024-01-19","12.22","12.24","12.29","12.17","28.58K","0.66%"
"2024-01-18","12.14","11.99","12.24","11.99","49.56K","0.50%"
"2024-01-17","12.08","12.16","12.23","11.99","32.53K","-0.78%"
"2024-01-16","12.18","12.09","12.24","12.09","32.74K","-0.65%"
"2024-01-12","12.26","12.17","12.33","12.12","64.79K","-0.12%"
"2024-01-11","12.27","12.19","12.27","12.06","19.88K","0.90%"
"2024-01-10","12.16","12.20","12.22","12.07","25.30K","-0.73%"
"2024-01-09","12.25","12.02","12.28","12.02","12.15K","1.49%"
"2024-01-08","12.07","12.03","12.17","11.94","43.63K","0.08%"
"2024-01-05","12.06","12.05","12.06","11.95","38.35K","0.00%"
"2024-01-04","12.06","12.23","12.23","11.99","20.06K","-0.58%"
"2024-01-03","12.13","11.97","12.16","11.86","16.23K","0.58%"
"2024-01-02","12.06","12.21","12.26","12.04","47.90K","-1.23%"
"2023-12-29","12.21","12.25","12.41","12.21","19.15K","0.00%"
"2023-12-28","12.21","12.46","12.53","12.21","23.67K","-1.77%"
"2023-12-27","12.43","12.49","12.53","12.41","11.46K","-0.08%"
"2023-12-26","12.44","12.50","12.56","12.43","9.17K","-1.27%"
"2023-12-22","12.60","12.54","12.60","12.51","5.82K","0.96%"
"2023-12-21","12.48","12.53","12.55","12.47","10.69K","-0.56%"
"2023-12-20","12.55","12.60","12.65","12.50","15.52K","-0.40%"
"2023-12-19","12.60","12.60","12.60","12.53","26.58K","0.00%"
"2023-12-18","12.60","12.54","12.60","12.50","23.83K","0.16%"
"2023-12-15","12.58","12.43","12.58","12.25","106.81K","1.04%"
"2023-12-14","12.45","12.53","12.53","12.40","30.53K","-0.64%"
"2023-12-13","12.53","12.38","12.53","12.38","37.93K","0.80%"
"2023-12-12","12.43","12.50","12.50","12.43","27.43K","-0.56%"
"2023-12-11","12.50","12.39","12.51","12.32","27.24K","0.56%"
"2023-12-08","12.43","12.45","12.51","12.35","35.18K","0.00%"
"2023-12-07","12.43","12.40","12.49","12.35","31.66K","0.08%"
"2023-12-06","12.42","12.31","12.45","12.23","28.46K","1.89%"
"2023-12-05","12.19","12.35","12.41","12.19","59.96K","-0.89%"
"2023-12-04","12.30","12.35","12.45","12.30","28.48K","-0.81%"
"2023-12-01","12.40","12.36","12.48","12.36","36.72K","-0.40%"
"2023-11-30","12.45","12.35","12.49","12.28","21.13K","1.22%"
"2023-11-29","12.30","12.20","12.45","12.18","25.52K","0.12%"
"2023-11-28","12.28","12.30","12.34","12.25","15.83K","-0.77%"
"2023-11-27","12.38","12.44","12.49","12.37","24.65K","-0.88%"
"2023-11-24","12.49","12.28","12.49","12.28","10.43K","2.13%"
"2023-11-22","12.23","12.27","12.46","12.09","31.03K","0.25%"
"2023-11-21","12.20","12.29","12.35","12.20","10.64K","-1.13%"
"2023-11-20","12.34","12.30","12.48","12.29","29.74K","-1.04%"
"2023-11-17","12.47","12.23","12.48","12.23","24.61K","0.81%"
"2023-11-16","12.37","12.29","12.45","12.06","30.29K","0.08%"
"2023-11-15","12.36","12.15","12.47","12.15","51.28K","1.56%"
"2023-11-14","12.17","11.94","12.26","11.94","272.01K","2.44%"
"2023-11-13","11.88","11.63","11.95","11.48","42.05K","1.28%"
"2023-11-10","11.73","11.88","11.90","11.53","55.25K","-1.64%"
"2023-11-09","11.93","12.09","12.15","11.88","56.98K","-1.85%"
"2023-11-08","12.15","12.07","12.15","11.98","28.21K","1.08%"
"2023-11-07","12.02","11.89","12.17","11.88","25.50K","0.50%"
"2023-11-06","11.96","12.19","12.19","11.94","62.03K","-1.08%"
"2023-11-03","12.09","12.17","12.20","12.08","41.45K","-0.25%"
"2023-11-02","12.12","12.00","12.15","11.98","13.98K","1.51%"
"2023-11-01","11.94","12.17","12.17","11.94","24.86K","-1.97%"
"2023-10-31","12.18","12.09","12.20","12.08","42.36K","1.42%"
"2023-10-30","12.01","12.13","12.18","11.94","257.71K","-0.33%"
"2023-10-27","12.05","12.14","12.14","12.05","29.53K","-0.08%"
"2023-10-26","12.06","12.05","12.24","12.01","27.31K","0.08%"
"2023-10-25","12.05","11.97","12.19","11.96","29.90K","-0.50%"
"2023-10-24","12.11","11.95","12.24","11.95","26.17K","0.67%"
"2023-10-23","12.03","12.25","12.30","11.95","122.97K","-1.64%"
"2023-10-20","12.23","12.05","12.23","12.05","44.32K","0.58%"
"2023-10-19","12.16","12.30","12.37","12.05","23.28K","-1.06%"
"2023-10-18","12.29","12.38","12.39","12.19","12.25K","0.41%"
"2023-10-17","12.24","12.24","12.40","12.24","26.33K","0.49%"
"2023-10-16","12.18","12.26","12.39","12.18","112.64K","-0.33%"
"2023-10-13","12.22","12.32","12.32","12.14","34.91K","-0.08%"
"2023-10-12","12.23","12.17","12.24","12.10","19.19K","0.74%"
"2023-10-11","12.14","12.28","12.33","12.14","26.59K","-0.49%"
"2023-10-10","12.20","12.32","12.35","12.19","42.89K","-1.21%"
"2023-10-09","12.35","12.28","12.49","12.17","141.99K","-0.56%"
"2023-10-06","12.42","12.29","12.46","12.23","40.32K","1.39%"
"2023-10-05","12.25","12.27","12.35","12.24","26.60K","-0.81%"
"2023-10-04","12.35","12.29","12.40","12.16","28.60K","1.23%"
"2023-10-03","12.20","12.17","12.27","12.10","48.15K","0.91%"
"2023-10-02","12.09","12.48","12.48","12.05","119.93K","-3.12%"
"2023-09-29","12.48","12.26","12.48","12.25","44.97K","1.88%"
"2023-09-28","12.25","12.15","12.32","12.15","25.74K","0.66%"
"2023-09-27","12.17","12.19","12.20","12.16","8.47K","0.08%"
"2023-09-26","12.16","12.37","12.38","12.09","24.72K","-1.38%"
"2023-09-25","12.33","12.49","12.52","12.32","129.77K","-0.96%"
"2023-09-22","12.45","12.36","12.47","12.36","39.51K","1.22%"
"2023-09-21","12.30","12.13","12.44","12.13","16.28K","0.41%"
"2023-09-20","12.25","12.23","12.40","12.20","23.25K","1.07%"
"2023-09-19","12.12","12.24","12.24","12.08","6.04K","-2.10%"
"2023-09-18","12.38","12.49","12.50","12.27","7.61K","-0.80%"
"2023-09-15","12.48","12.38","12.53","12.35","77.41K","0.73%"
"2023-09-14","12.39","12.48","12.55","12.29","157.54K","-0.72%"
"2023-09-13","12.48","12.41","12.50","12.41","32.88K","0.00%"
"2023-09-12","12.48","12.43","12.49","12.30","65.21K","0.65%"
"2023-09-11","12.40","12.30","12.50","12.23","133.46K","1.22%"
"2023-09-08","12.25","12.08","12.41","12.08","59.30K","0.25%"
"2023-09-07","12.22","12.03","12.31","12.02","33.03K","-0.65%"
"2023-09-06","12.30","12.20","12.37","11.94","108.05K","1.07%"
"2023-09-05","12.17","12.40","12.45","12.10","267.15K","-1.38%"
"2023-09-01","12.34","12.33","12.50","12.33","39.13K","0.16%"
"2023-08-31","12.32","12.44","12.44","12.17","27.53K","-1.20%"
"2023-08-30","12.47","12.26","12.50","12.18","59.64K","2.30%"
"2023-08-29","12.19","11.97","12.22","11.78","141.87K","2.96%"
"2023-08-28","11.84","12.10","12.39","11.71","430.96K","-2.55%"
"2023-08-25","12.15","12.07","12.25","11.95","85.60K","1.17%"
"2023-08-24","12.01","11.85","12.12","11.83","47.34K","0.50%"
"2023-08-23","11.95","11.85","12.00","11.81","30.75K","0.59%"
"2023-08-22","11.88","11.87","11.97","11.80","24.00K","0.08%"
"2023-08-21","11.87","12.24","12.35","11.76","221.48K","-2.30%"
"2023-08-18","12.15","11.95","12.18","11.91","58.72K","1.50%"
"2023-08-17","11.97","12.00","12.04","11.95","19.70K","0.00%"
"2023-08-16","11.97","11.96","12.03","11.77","16.71K","0.93%"
"2023-08-15","11.86","12.14","12.25","11.71","30.53K","-3.58%"
"2023-08-14","12.30","12.60","12.69","12.16","280.14K","-1.20%"
"2023-08-11","12.45","11.90","12.60","11.90","173.89K","5.06%"
"2023-08-10","11.85","11.53","11.93","11.53","70.96K","2.33%"
"2023-08-09","11.58","11.00","11.66","11.00","67.61K","1.14%"
"2023-08-08","11.45","11.20","11.45","11.10","25.93K","-0.35%"
"2023-08-07","11.49","11.10","11.51","11.00","40.59K","4.45%"
"2023-08-04","11.00","11.03","11.39","11.00","43.93K","-1.43%"
"2023-08-03","11.16","11.28","11.55","11.13","243.17K","-0.71%"
"2023-08-02","11.24","11.03","11.27","11.01","37.45K","3.40%"
"2023-08-01","10.87","11.05","11.05","10.87","9.85K","-0.91%"
"2023-07-31","10.97","10.83","10.97","10.83","5.47K","0.27%"
"2023-07-28","10.94","10.91","10.97","10.89","5.83K","1.11%"
"2023-07-27","10.82","10.97","11.04","10.82","6.96K","-1.10%"
"2023-07-26","10.94","10.84","10.96","10.80","9.17K","2.05%"
"2023-07-25","10.72","10.82","10.88","10.72","8.29K","-1.38%"
"2023-07-24","10.87","10.71","10.94","10.70","128.25K","2.64%"
"2023-07-21","10.59","10.65","10.99","10.59","17.40K","-0.56%"
"2023-07-20","10.65","10.59","10.69","10.55","19.66K","2.01%"
"2023-07-19","10.44","10.29","10.50","10.29","11.04K","-1.04%"
"2023-07-18","10.55","10.25","10.55","10.20","41.66K","2.93%"
"2023-07-17","10.25","10.09","10.25","10.08","11.89K","2.40%"
"2023-07-14","10.01","10.09","10.13","10.01","6.92K","0.10%"
"2023-07-13","10.00","10.05","10.15","9.93","14.22K","0.20%"
"2023-07-12","9.98","9.96","10.14","9.89","32.26K","1.01%"
"2023-07-11","9.88","10.11","10.11","9.85","39.64K","-2.27%"
"2023-07-10","10.11","10.12","10.24","10.11","3.66K","0.70%"
"2023-07-07","10.04","10.04","10.10","9.99","9.34K","-1.08%"
"2023-07-06","10.15","10.24","10.25","10.02","15.77K","-0.68%"
"2023-07-05","10.22","10.04","10.23","9.94","22.95K","1.59%"
"2023-07-03","10.06","10.06","10.06","10.06","0.34K","-0.89%"
"2023-06-30","10.15","10.19","10.26","10.03","5.87K","1.10%"
"2023-06-29","10.04","10.24","10.28","10.04","13.30K","-0.10%"
"2023-06-28","10.05","10.05","10.05","10.05","0.88K","-1.76%"
"2023-06-27","10.23","10.19","10.28","10.05","29.17K","0.79%"
"2023-06-26","10.15","10.20","10.20","9.95","11.45K","2.22%"
"2023-06-23","9.93","10.05","10.19","9.93","55.87K","-1.29%"
"2023-06-22","10.06","10.00","10.06","9.92","80.10K","0.00%"
"2023-06-21","10.06","9.92","10.06","9.90","8.57K","0.60%"
"2023-06-20","10.00","10.10","10.21","9.66","17.00K","-1.96%"
"2023-06-16","10.20","9.85","10.21","9.85","80.28K","2.51%"
"2023-06-15","9.95","9.94","9.95","9.87","6.02K","1.43%"
"2023-06-14","9.81","9.89","9.99","9.76","14.30K","0.10%"
"2023-06-13","9.80","9.95","9.99","9.80","14.23K","-1.01%"
"2023-06-12","9.90","9.87","10.15","9.82","153.98K","1.23%"
"2023-06-09","9.78","9.89","9.93","9.75","10.17K","-0.71%"
"2023-06-08","9.85","9.83","9.90","9.83","4.57K","-1.50%"
"2023-06-07","10.00","10.01","10.01","9.86","20.76K","1.01%"
"2023-06-06","9.90","9.81","9.95","9.81","14.06K","0.61%"
"2023-06-05","9.84","9.98","9.98","9.62","15.81K","-1.01%"
"2023-06-02","9.94","10.04","10.07","9.83","24.28K","0.71%"
"2023-06-01","9.87","9.77","9.93","9.76","13.76K","0.30%"
"2023-05-31","9.84","9.96","9.98","9.76","6.92K","-1.01%"
"2023-05-30","9.94","9.88","10.00","9.88","15.61K","0.40%"
"2023-05-26","9.90","9.84","9.93","9.82","32.98K","1.54%"
"2023-05-25","9.75","9.56","9.91","9.56","16.73K","1.88%"
"2023-05-24","9.57","9.80","9.87","9.57","25.11K","-2.84%"
"2023-05-23","9.85","9.99","10.05","9.77","34.38K","-1.60%"
"2023-05-22","10.01","10.05","10.13","9.88","32.50K","0.10%"
"2023-05-19","10.00","9.61","10.09","9.61","25.45K","2.04%"
"2023-05-18","9.80","9.61","9.80","9.51","32.62K","1.24%"
"2023-05-17","9.68","9.25","9.68","9.25","69.20K","3.09%"
"2023-05-16","9.39","9.46","9.53","9.33","38.61K","-1.47%"
"2023-05-15","9.53","9.50","9.78","9.38","36.24K","0.63%"
"2023-05-12","9.47","9.33","9.54","9.15","44.28K","3.38%"
"2023-05-11","9.16","9.38","9.42","9.10","32.01K","-2.76%"
"2023-05-10","9.42","9.61","9.76","9.34","134.59K","-2.59%"
"2023-05-09","9.67","9.71","9.71","9.50","88.71K","-0.41%"
"2023-05-08","9.71","9.17","9.88","9.17","68.04K","7.77%"
"2023-05-05","9.01","9.13","9.53","9.00","43.40K","0.22%"
"2023-05-04","8.99","8.98","9.15","8.77","55.71K","0.22%"
"2023-05-03","8.97","9.52","9.52","8.96","46.00K","-2.82%"
"2023-05-02","9.23","10.00","10.20","9.16","67.35K","-7.52%"
"2023-05-01","9.98","10.34","10.50","9.98","143.69K","-3.67%"
"2023-04-28","10.36","10.42","10.48","10.33","16.17K","-1.33%"
"2023-04-27","10.50","10.50","10.50","10.33","66.24K","0.10%"
"2023-04-26","10.49","10.50","10.59","10.30","16.73K","0.87%"
"2023-04-25","10.40","10.36","10.53","10.33","22.48K","0.10%"
"2023-04-24","10.39","10.64","10.73","10.39","108.35K","-2.26%"
"2023-04-21","10.63","10.58","10.63","10.58","6.86K","-0.84%"
"2023-04-20","10.72","10.67","10.82","10.56","12.36K","0.28%"
"2023-04-19","10.69","10.60","10.75","10.50","10.74K","1.81%"
"2023-04-18","10.50","10.60","10.60","10.50","27.13K","-1.96%"
"2023-04-17","10.71","10.56","10.83","10.49","118.57K","1.13%"
"2023-04-14","10.59","10.81","10.85","10.59","14.20K","0.28%"
"2023-04-13","10.56","10.43","10.92","10.43","25.89K","0.38%"
"2023-04-12","10.52","10.75","10.77","10.51","13.16K","-1.96%"
"2023-04-11","10.73","11.07","11.07","10.73","8.77K","-0.46%"
"2023-04-10","10.78","10.30","10.98","10.26","164.79K","3.36%"
"2023-04-06","10.43","10.30","10.54","10.25","25.79K","1.26%"
"2023-04-05","10.30","10.50","10.53","10.21","26.41K","-3.38%"
"2023-04-04","10.66","11.06","11.12","10.66","33.78K","-4.22%"
"2023-04-03","11.13","11.30","11.38","11.13","239.81K","-1.77%"
"2023-03-31","11.33","11.36","11.38","11.33","3.52K","-0.96%"
"2023-03-30","11.44","11.40","11.53","11.34","36.77K","0.35%"
"2023-03-29","11.40","11.45","11.48","11.39","60.25K","-0.87%"
"2023-03-28","11.50","11.41","11.55","11.37","21.74K","-0.61%"
"2023-03-27","11.57","11.60","11.62","11.44","19.83K","0.78%"
"2023-03-24","11.48","11.54","11.55","11.34","54.46K","-1.29%"
"2023-03-23","11.63","11.38","11.70","11.08","65.70K","1.39%"
"2023-03-22","11.47","11.71","11.83","11.40","53.53K","-1.38%"
"2023-03-21","11.63","11.25","11.88","11.25","65.92K","4.77%"
"2023-03-20","11.10","11.41","11.41","11.02","55.15K","-1.94%"
"2023-03-17","11.32","11.50","11.50","11.08","28.30K","1.25%"
"2023-03-16","11.18","10.89","11.18","10.71","246.55K","4.39%"
"2023-03-15","10.71","10.60","10.84","10.39","82.23K","0.28%"
"2023-03-14","10.68","10.78","11.26","10.66","38.31K","2.10%"
"2023-03-13","10.46","11.60","11.60","10.46","51.49K","-9.20%"
"2023-03-10","11.52","11.65","11.88","11.51","71.76K","-2.00%"
"2023-03-09","11.76","11.90","11.90","11.72","28.42K","-1.55%"
"2023-03-08","11.94","11.88","11.98","11.86","27.22K","-0.33%"
"2023-03-07","11.98","11.90","11.98","11.90","6.38K","0.50%"
"2023-03-06","11.92","11.90","11.99","11.90","24.56K","-0.50%"
"2023-03-03","11.98","11.87","11.99","11.86","13.36K","0.93%"
"2023-03-02","11.87","11.93","11.99","11.86","10.50K","-0.34%"
"2023-03-01","11.91","11.91","11.98","11.91","37.64K","0.34%"
"2023-02-28","11.87","11.98","11.99","11.87","9.01K","-0.34%"
"2023-02-27","11.91","11.82","11.99","11.81","9.39K","0.25%"
"2023-02-24","11.88","11.93","12.00","11.80","26.20K","-0.25%"
"2023-02-23","11.91","11.95","11.99","11.88","25.79K","-0.33%"
"2023-02-22","11.95","11.87","11.96","11.87","17.16K","0.08%"
"2023-02-21","11.94","11.91","12.00","11.87","37.93K","0.51%"
"2023-02-17","11.88","11.93","11.99","11.85","23.10K","0.17%"
"2023-02-16","11.86","11.94","11.94","11.84","8.72K","-0.75%"
"2023-02-15","11.95","11.89","11.95","11.87","13.54K","0.93%"
"2023-02-14","11.84","11.81","11.97","11.81","39.88K","-0.75%"
"2023-02-13","11.93","11.82","11.95","11.82","25.17K","0.68%"
"2023-02-10","11.85","11.80","11.86","11.80","25.89K","0.42%"
"2023-02-09","11.80","11.80","11.87","11.75","13.22K","-0.25%"
"2023-02-08","11.83","11.83","11.86","11.81","47.36K","0.51%"
"2023-02-07","11.77","11.79","11.88","11.77","52.06K","-0.17%"
"2023-02-06","11.79","11.82","11.83","11.76","15.38K","0.17%"
"2023-02-03","11.77","11.82","11.83","11.77","15.07K","-0.47%"
"2023-02-02","11.82","11.82","11.83","11.81","8.41K","0.64%"
"2023-02-01","11.75","11.78","11.83","11.75","16.99K","0.00%"
"2023-01-31","11.75","11.77","11.79","11.74","18.06K","0.09%"
"2023-01-30","11.74","11.75","11.83","11.74","12.42K","-0.09%"
"2023-01-27","11.75","11.78","11.85","11.74","15.04K","-0.51%"
"2023-01-26","11.81","11.80","11.90","11.80","14.75K","-1.01%"
"2023-01-25","11.93","11.84","11.95","11.76","28.80K","0.17%"
"2023-01-24","11.91","11.87","11.95","11.75","67.13K","0.63%"
"2023-01-23","11.84","11.80","11.92","11.71","36.36K","-0.42%"
"2023-01-20","11.89","11.75","11.94","11.72","33.34K","1.58%"
"2023-01-19","11.70","11.95","12.01","11.67","64.06K","-2.50%"
"2023-01-18","12.00","11.96","12.15","11.82","17.08K","-0.50%"
"2023-01-17","12.06","12.08","12.18","12.06","24.24K","1.52%"
"2023-01-13","11.88","11.87","12.20","11.87","17.50K","-1.82%"
"2023-01-12","12.10","12.14","12.24","12.09","19.62K","-0.08%"
"2023-01-11","12.11","12.07","12.18","12.02","17.79K","0.58%"
"2023-01-10","12.04","11.92","12.16","11.89","16.44K","1.01%"
"2023-01-09","11.92","12.09","12.09","11.86","6.60K","-1.00%"
"2023-01-06","12.04","12.04","12.13","12.02","13.63K","2.21%"
"2023-01-05","11.78","12.07","12.07","11.78","3.10K","-2.97%"
"2023-01-04","12.14","12.18","12.24","12.08","45.63K","-0.33%"
"2023-01-03","12.18","12.02","12.21","12.00","63.02K","0.50%"
"2022-12-30","12.12","12.16","12.22","11.83","49.25K","-0.41%"
"2022-12-29","12.17","12.07","12.23","12.07","42.90K","0.58%"
"2022-12-28","12.10","12.01","12.20","12.01","17.50K","-0.74%"
"2022-12-27","12.19","12.18","12.52","12.18","33.42K","-0.16%"
"2022-12-23","12.21","12.08","12.21","12.07","38.47K","1.08%"
"2022-12-22","12.08","12.00","12.12","12.00","69.43K","0.42%"
"2022-12-21","12.03","11.97","12.03","11.95","32.58K","0.84%"
"2022-12-20","11.93","11.76","11.96","11.76","24.91K","0.93%"
"2022-12-19","11.82","11.75","11.88","11.73","35.07K","0.77%"
"2022-12-16","11.73","11.69","11.77","11.61","138.96K","0.26%"
"2022-12-15","11.70","11.68","11.70","11.55","77.96K","0.52%"
"2022-12-14","11.64","11.65","11.72","11.60","8.86K","-0.34%"
"2022-12-13","11.68","11.68","11.74","11.65","26.39K","0.26%"
"2022-12-12","11.65","11.63","11.65","11.63","10.22K","0.17%"
"2022-12-09","11.63","11.60","11.65","11.60","1.29K","0.26%"
"2022-12-08","11.60","11.63","11.64","11.60","15.10K","0.00%"
"2022-12-07","11.60","11.62","11.66","11.60","11.30K","-0.17%"
"2022-12-06","11.62","11.63","11.69","11.53","7.26K","0.09%"
"2022-12-05","11.61","11.75","11.75","11.60","36.21K","-0.77%"
"2022-12-02","11.70","11.69","11.79","11.69","9.61K","-0.17%"
"2022-12-01","11.72","11.70","11.72","11.42","66.57K","0.17%"
"2022-11-30","11.70","11.65","11.70","11.59","34.37K","0.52%"
"2022-11-29","11.64","11.57","11.71","11.57","38.48K","0.34%"
"2022-11-28","11.60","11.62","11.62","11.60","4.10K","-0.09%"
"2022-11-25","11.61","11.60","11.70","11.60","9.79K","0.09%"
"2022-11-23","11.60","11.54","11.60","11.53","10.99K","0.61%"
"2022-11-22","11.53","11.50","11.56","11.48","9.97K","0.96%"
"2022-11-21","11.42","11.45","11.50","11.42","3.19K","-1.97%"
"2022-11-18","11.65","11.48","11.67","11.40","35.08K","1.30%"
"2022-11-17","11.50","11.40","11.52","11.38","35.71K","0.88%"
"2022-11-16","11.40","11.29","11.43","11.26","54.57K","0.71%"
"2022-11-15","11.32","11.32","11.32","11.27","8.07K","-0.35%"
"2022-11-14","11.36","11.34","11.36","11.34","1.39K","-0.61%"
"2022-11-11","11.43","11.32","11.43","11.32","13.52K","0.44%"
"2022-11-10","11.38","11.31","11.38","11.26","11.97K","0.80%"
"2022-11-09","11.29","11.41","11.41","11.20","36.86K","-0.79%"
"2022-11-08","11.38","11.35","11.38","11.34","28.28K","0.26%"
"2022-11-07","11.35","11.38","11.38","11.35","12.21K","-0.26%"
"2022-11-04","11.38","11.38","11.38","11.38","0.58K","0.00%"
"2022-11-03","11.38","11.36","11.38","11.36","15.61K","0.00%"
"2022-11-02","11.38","11.37","11.38","11.37","2.40K","0.00%"
"2022-11-01","11.38","11.36","11.40","11.34","9.01K","0.18%"
"2022-10-31","11.36","11.40","11.50","11.36","14.18K","-0.26%"
"2022-10-28","11.39","11.36","11.40","11.34","17.68K","0.26%"
"2022-10-27","11.36","11.37","11.38","11.35","10.24K","-0.09%"
"2022-10-26","11.37","11.35","11.38","11.35","6.70K","0.26%"
"2022-10-24","11.34","11.38","11.39","11.34","23.10K","-0.18%"
"2022-10-21","11.36","11.37","11.37","11.36","1.53K","-0.53%"
"2022-10-20","11.42","11.43","11.45","11.37","27.16K","0.44%"
"2022-10-19","11.37","11.37","11.37","11.37","1.85K","0.00%"
"2022-10-18","11.37","11.50","11.50","11.36","8.10K","-0.96%"
"2022-10-17","11.48","11.40","11.50","11.35","6.47K","0.17%"
"2022-10-14","11.46","11.43","11.49","11.37","7.01K","0.79%"
"2022-10-13","11.37","11.30","11.45","11.30","7.51K","0.44%"
"2022-10-12","11.32","11.32","11.41","11.30","13.99K","0.18%"
"2022-10-11","11.30","11.36","11.39","11.30","14.98K","0.00%"
"2022-10-10","11.30","11.38","11.40","11.29","8.04K","-0.44%"
"2022-10-07","11.35","11.42","11.42","11.35","5.07K","-1.22%"
"2022-10-06","11.49","11.44","11.49","11.44","1.65K","0.35%"
"2022-10-05","11.45","11.44","11.49","11.43","3.78K","0.00%"
"2022-10-04","11.45","11.38","11.49","11.38","9.17K","1.06%"
"2022-10-03","11.33","11.38","11.46","11.30","128.64K","-0.35%"
"2022-09-30","11.37","11.51","11.53","11.37","78.57K","-1.81%"
"2022-09-29","11.58","11.56","11.58","11.56","3.58K","1.31%"
"2022-09-28","11.43","11.53","11.58","11.41","9.94K","0.44%"
"2022-09-27","11.38","11.56","11.56","11.38","7.67K","-1.73%"
"2022-09-26","11.58","11.62","11.62","11.58","5.94K","-0.09%"
"2022-09-23","11.59","11.37","11.64","11.37","13.43K","1.05%"
"2022-09-22","11.47","11.49","11.50","11.35","24.37K","-0.95%"
"2022-09-21","11.58","11.59","11.65","11.53","6.36K","-0.43%"
"2022-09-20","11.63","11.51","11.63","11.51","11.91K","0.26%"
"2022-09-19","11.60","11.48","11.60","11.44","10.90K","1.58%"
"2022-09-16","11.42","11.57","11.59","11.40","73.58K","-1.30%"
"2022-09-15","11.57","11.59","11.59","11.50","16.20K","0.00%"
"2022-09-14","11.57","11.64","11.64","11.57","20.93K","-0.09%"
"2022-09-13","11.58","11.64","11.64","11.57","35.35K","-0.86%"
"2022-09-12","11.68","11.70","11.74","11.68","29.88K","-0.17%"
"2022-09-09","11.70","11.56","11.70","11.56","46.44K","1.74%"
"2022-09-08","11.50","11.46","11.50","11.45","7.37K","0.17%"
"2022-09-07","11.48","11.39","11.48","11.39","103.75K","0.79%"
"2022-09-06","11.39","11.49","11.54","11.36","15.43K","-0.87%"
"2022-09-02","11.49","11.49","11.50","11.49","1.50K","0.09%"
"2022-09-01","11.48","11.49","11.59","11.46","22.33K","-0.17%"
"2022-08-31","11.50","11.57","11.57","11.50","7.42K","-0.09%"
"2022-08-30","11.51","11.51","11.51","11.51","0.19K","0.09%"
"2022-08-29","11.50","11.56","11.57","11.50","1.24K","-0.61%"
"2022-08-26","11.57","11.57","11.57","11.57","1.12K","-0.26%"
"2022-08-25","11.60","11.60","11.65","11.60","16.85K","0.43%"
"2022-08-24","11.55","11.55","11.60","11.51","16.73K","0.43%"
"2022-08-23","11.50","11.51","11.51","11.50","6.09K","-0.52%"
"2022-08-22","11.56","11.50","11.59","11.50","18.84K","-0.13%"
"2022-08-19","11.57","11.51","11.58","11.50","22.89K","1.62%"
"2022-08-18","11.39","11.39","11.39","11.39","6.12K","0.35%"
"2022-08-17","11.35","11.40","11.40","11.35","10.69K","-0.44%"
"2022-08-16","11.40","11.25","11.43","11.25","3.57K","-0.61%"
"2022-08-15","11.47","11.47","11.47","11.41","1.13K","0.17%"
"2022-08-12","11.45","11.44","11.46","11.43","6.84K","0.26%"
"2022-08-11","11.42","11.40","11.46","11.40","8.30K","0.00%"
"2022-08-10","11.42","11.37","11.43","11.36","21.12K","1.06%"
"2022-08-09","11.30","11.37","11.37","11.30","9.13K","0.18%"
"2022-08-08","11.28","11.28","11.30","11.25","8.49K","-0.53%"
"2022-08-05","11.34","11.25","11.35","11.25","20.11K","-0.09%"
"2022-08-04","11.35","11.25","11.35","11.21","9.11K","1.07%"
"2022-08-03","11.23","11.35","11.35","11.21","63.51K","-0.35%"
"2022-08-02","11.27","11.40","11.40","11.25","38.42K","-1.57%"
"2022-08-01","11.45","11.41","11.49","11.36","26.91K","0.26%"
"2022-07-29","11.42","11.49","11.49","11.35","33.61K","-0.26%"
"2022-07-28","11.45","11.59","11.59","11.45","19.06K","-0.95%"
"2022-07-27","11.56","11.56","11.56","11.53","14.97K","0.00%"
"2022-07-26","11.56","11.61","11.61","11.55","15.29K","-0.69%"
"2022-07-25","11.64","11.49","11.64","11.45","34.72K","1.48%"
"2022-07-22","11.47","11.45","11.52","11.44","26.69K","0.00%"
"2022-07-21","11.47","11.47","11.53","11.47","22.17K","0.09%"
"2022-07-20","11.46","11.49","11.54","11.45","10.64K","0.00%"
"2022-07-19","11.46","11.42","11.50","11.42","24.74K","0.17%"
"2022-07-18","11.44","11.49","11.50","11.43","7.63K","0.09%"
"2022-07-15","11.43","11.49","11.50","11.43","9.82K","-0.52%"
"2022-07-14","11.49","11.50","11.54","11.42","30.98K","-0.09%"
"2022-07-13","11.50","11.54","11.56","11.50","16.10K","-0.43%"
"2022-07-12","11.55","11.51","11.55","11.51","5.19K","0.35%"
"2022-07-11","11.51","11.58","11.58","11.51","20.16K","-0.43%"
"2022-07-08","11.56","11.55","11.58","11.50","22.06K","0.00%"
"2022-07-07","11.56","11.54","11.59","11.54","20.47K","0.17%"
"2022-07-06","11.54","11.52","11.69","11.52","9.82K","0.00%"
"2022-07-05","11.54","11.56","11.60","11.51","19.49K","-0.17%"
"2022-07-01","11.56","11.65","11.72","11.52","23.02K","-1.20%"
"2022-06-30","11.70","11.57","11.70","11.57","18.33K","0.43%"
"2022-06-29","11.65","11.56","11.73","11.55","11.30K","0.69%"
"2022-06-28","11.57","11.68","11.70","11.52","16.87K","-0.09%"
"2022-06-27","11.58","11.58","11.58","11.58","0.53K","-0.52%"
"2022-06-24","11.64","11.63","11.80","11.63","19.10K","0.78%"
"2022-06-23","11.55","11.71","11.71","11.55","3.75K","-1.11%"
"2022-06-22","11.68","11.67","11.68","11.51","12.77K","-0.60%"
"2022-06-21","11.75","11.63","11.75","11.48","310.93K","1.91%"
"2022-06-17","11.53","11.47","11.67","11.44","31.07K","0.26%"
"2022-06-16","11.50","11.45","11.50","11.40","29.29K","0.00%"
"2022-06-15","11.50","11.54","11.60","11.46","25.83K","0.44%"
"2022-06-14","11.45","11.60","11.60","11.45","19.17K","-0.09%"
"2022-06-13","11.46","11.70","11.76","11.46","383.41K","-2.30%"
"2022-06-10","11.73","11.82","11.83","11.69","18.77K","-0.59%"
"2022-06-09","11.80","11.60","11.88","11.60","35.77K","2.52%"
"2022-06-08","11.51","11.51","11.60","11.47","40.83K","0.44%"
"2022-06-07","11.46","11.60","11.60","11.46","23.50K","-0.95%"
"2022-06-06","11.57","11.60","11.61","11.51","33.52K","-1.03%"
"2022-06-03","11.69","11.56","11.69","11.56","4.00K","1.04%"
"2022-06-02","11.57","11.50","11.57","11.49","13.77K","0.96%"
"2022-06-01","11.46","11.56","11.56","11.45","12.77K","-0.87%"
"2022-05-31","11.56","11.69","11.69","11.55","8.57K","-1.11%"
"2022-05-27","11.69","11.65","11.70","11.61","8.86K","-0.09%"
"2022-05-26","11.70","11.63","11.73","11.63","4.80K","0.95%"
"2022-05-23","11.59","11.60","11.67","11.59","16.64K","0.52%"
"2022-05-20","11.53","11.74","11.74","11.53","8.95K","-1.79%"
"2022-05-19","11.74","11.76","11.76","11.61","12.81K","2.44%"
"2022-05-18","11.46","11.60","11.76","11.46","11.13K","-1.29%"
"2022-05-17","11.61","11.40","11.79","11.40","16.71K","2.29%"
"2022-05-16","11.35","11.69","11.73","11.35","46.55K","-3.12%"
"2022-05-13","11.72","11.51","11.79","11.50","35.00K","0.56%"
"2022-05-12","11.65","11.82","11.91","11.48","59.52K","-1.44%"
"2022-05-11","11.82","11.95","12.00","11.82","12.80K","-0.92%"
"2022-05-10","11.93","12.05","12.05","11.93","39.06K","-1.00%"
"2022-05-09","12.05","12.09","12.09","12.01","35.47K","-0.25%"
"2022-05-06","12.08","12.12","12.19","12.07","36.29K","-0.41%"
"2022-05-05","12.13","12.22","12.26","12.13","24.98K","-0.74%"
"2022-05-04","12.22","12.20","12.23","12.19","10.16K","0.25%"
"2022-05-03","12.19","12.12","12.24","12.11","24.26K","-0.25%"
"2022-05-02","12.22","12.17","12.36","12.17","76.44K","0.16%"
"2022-04-29","12.20","12.20","12.20","12.13","39.88K","0.00%"
"2022-04-28","12.20","12.10","12.24","12.07","36.60K","0.91%"
"2022-04-27","12.09","12.07","12.25","12.06","32.14K","0.42%"
"2022-04-26","12.04","12.15","12.15","12.02","22.42K","-0.91%"
"2022-04-25","12.15","12.15","12.19","12.10","22.65K","-0.16%"
"2022-04-22","12.17","12.30","12.30","12.16","23.24K","-1.10%"
"2022-04-21","12.31","12.38","12.43","12.30","13.75K","-1.32%"
"2022-04-20","12.47","12.47","12.47","12.47","0.40K","0.81%"
"2022-04-19","12.37","12.37","12.37","12.37","2.90K","-0.16%"
"2022-04-18","12.39","12.34","12.40","12.34","4.26K","0.00%"
"2022-04-14","12.39","12.45","12.47","12.35","9.15K","0.73%"
"2022-04-13","12.30","12.22","12.50","12.21","55.91K","0.41%"
"2022-04-12","12.25","12.68","12.70","12.22","110.79K","-3.54%"
"2022-04-11","12.70","12.68","12.70","12.65","17.22K","0.20%"
"2022-04-08","12.68","12.64","12.70","12.52","25.78K","0.52%"
"2022-04-07","12.61","12.50","12.72","12.50","22.20K","0.96%"
"2022-04-06","12.49","12.66","12.74","12.43","85.59K","-2.23%"
"2022-04-05","12.77","12.75","12.80","12.75","11.22K","0.20%"
"2022-04-04","12.75","12.75","12.75","12.72","11.55K","-0.08%"
"2022-04-01","12.76","12.78","12.79","12.75","14.98K","0.08%"
"2022-03-31","12.75","12.75","12.79","12.73","19.45K","-0.08%"
"2022-03-30","12.76","12.80","12.80","12.75","7.07K","-0.31%"
"2022-03-29","12.80","12.80","12.85","12.64","23.42K","0.00%"
"2022-03-28","12.80","12.80","12.83","12.80","28.70K","-0.23%"
"2022-03-25","12.83","12.80","12.87","12.80","24.83K","-0.16%"
"2022-03-24","12.85","12.80","12.87","12.79","9.57K","0.39%"
"2022-03-23","12.80","12.82","12.85","12.66","8.86K","-0.54%"
"2022-03-22","12.87","12.75","12.87","12.47","6.57K","0.94%"
"2022-03-21","12.75","12.75","12.79","12.41","5.70K","-0.23%"
"2022-03-18","12.78","12.66","12.78","12.60","24.61K","0.63%"
"2022-03-17","12.70","12.41","12.70","12.41","7.40K","0.16%"
"2022-03-16","12.68","12.34","12.68","12.34","4.72K","0.56%"
"2022-03-15","12.61","12.23","12.74","12.23","10.96K","1.29%"
"2022-03-14","12.45","12.40","12.61","12.35","10.85K","0.40%"
"2022-03-11","12.40","12.16","12.43","12.16","8.51K","2.27%"
"2022-03-10","12.13","12.02","12.23","12.00","2.79K","-0.78%"
"2022-03-09","12.22","12.02","12.22","11.92","31.12K","2.69%"
"2022-03-08","11.90","12.15","12.23","11.90","52.36K","-1.90%"
"2022-03-07","12.13","12.50","12.72","12.13","25.09K","-3.35%"
"2022-03-04","12.55","12.36","12.72","12.36","4.16K","0.00%"
"2022-03-03","12.55","12.55","12.55","12.55","0.61K","-0.55%"
"2022-03-02","12.62","12.58","12.62","12.46","2.69K","1.28%"
"2022-03-01","12.46","12.58","12.85","12.35","9.93K","-0.32%"
"2022-02-28","12.50","12.50","12.60","12.40","14.03K","0.00%"
"2022-02-25","12.50","12.50","12.50","12.50","0.30K","0.56%"
"2022-02-24","12.43","12.50","12.60","12.35","4.43K","-0.96%"
"2022-02-23","12.55","12.79","12.79","12.52","3.73K","0.40%"
"2022-02-22","12.50","12.51","12.60","12.50","4.97K","-0.08%"
"2022-02-18","12.51","12.56","12.71","12.50","8.19K","-0.16%"
"2022-02-17","12.53","12.59","12.65","12.52","15.37K","0.00%"
"2022-02-16","12.53","12.73","12.75","12.53","3.62K","-1.49%"
"2022-02-15","12.72","12.72","12.72","12.72","0.41K","0.79%"
"2022-02-14","12.62","12.74","12.79","12.57","4.70K","-1.10%"
"2022-02-11","12.76","12.65","12.76","12.65","15.13K","0.39%"
"2022-02-10","12.71","12.68","12.79","12.55","7.40K","0.55%"
"2022-02-09","12.64","12.61","12.64","12.56","1.06K","0.16%"
"2022-02-08","12.62","12.63","12.63","12.60","0.85K","0.20%"
"2022-02-07","12.60","12.60","12.60","12.56","11.45K","0.20%"
"2022-02-04","12.57","12.60","12.74","12.50","12.11K","-0.18%"
"2022-02-03","12.59","12.53","12.59","12.52","1.13K","-0.22%"
"2022-02-02","12.62","12.59","12.66","12.58","16.54K","0.08%"
"2022-02-01","12.61","12.61","12.63","12.58","10.00K","-0.08%"
"2022-01-31","12.62","12.47","12.65","12.47","19.70K","0.08%"
"2022-01-28","12.61","12.49","12.61","12.49","11.94K","0.17%"
"2022-01-27","12.59","12.52","12.66","12.50","30.04K","0.63%"
"2022-01-26","12.51","12.45","12.69","12.45","13.98K","1.46%"
"2022-01-25","12.33","12.38","12.41","12.31","12.64K","-0.16%"
"2022-01-24","12.35","12.31","12.50","12.25","27.06K","0.41%"
"2022-01-21","12.30","12.30","12.54","12.30","10.62K","-0.81%"
"2022-01-20","12.40","12.36","12.55","12.36","9.37K","-0.80%"
"2022-01-19","12.50","12.66","12.68","12.39","12.03K","-1.81%"
"2022-01-18","12.73","12.69","12.74","12.67","1.94K","-0.24%"
"2022-01-14","12.76","12.77","12.80","12.58","17.87K","-0.66%"
"2022-01-13","12.85","12.75","12.88","12.75","10.61K","0.35%"
"2022-01-12","12.80","12.73","12.80","12.63","18.14K","0.39%"
"2022-01-11","12.75","12.75","12.75","12.53","4.16K","0.08%"
"2022-01-10","12.74","12.62","12.74","12.54","3.48K","0.00%"
"2022-01-07","12.74","12.50","12.75","12.45","18.89K","2.00%"
"2022-01-06","12.49","12.38","12.49","12.35","21.76K","0.64%"
"2022-01-05","12.41","12.44","12.48","12.30","26.72K","0.65%"
"2022-01-04","12.33","12.05","12.46","12.05","49.31K","2.41%"
"2022-01-03","12.04","12.12","12.12","12.03","5.83K","-0.33%"
"2021-12-31","12.08","12.10","12.11","12.08","1.25K","0.08%"
"2021-12-30","12.07","12.06","12.10","12.01","1.57K","0.17%"
"2021-12-29","12.05","12.03","12.08","12.00","3.59K","0.33%"
"2021-12-28","12.01","12.10","12.10","12.01","5.97K","-0.58%"
"2021-12-27","12.08","12.08","12.11","12.07","16.70K","0.00%"
"2021-12-23","12.08","12.08","12.11","12.03","24.46K","0.17%"
"2021-12-22","12.06","12.08","12.12","12.03","21.83K","-0.17%"
"2021-12-21","12.08","12.01","12.12","12.01","6.66K","-0.17%"
"2021-12-20","12.10","12.09","12.13","11.96","4.04K","-0.17%"
"2021-12-17","12.12","12.02","12.12","12.02","8.88K","0.08%"
"2021-12-16","12.11","12.14","12.14","12.02","2.55K","0.50%"
"2021-12-15","12.05","12.18","12.18","12.02","12.18K","-1.07%"
"2021-12-14","12.18","12.06","12.19","12.05","9.59K","1.00%"
"2021-12-13","12.06","12.10","12.19","11.97","20.50K","-0.25%"
"2021-12-10","12.09","12.09","12.09","12.09","2.43K","1.09%"
"2021-12-09","11.96","12.00","12.00","11.95","6.41K","-0.33%"
"2021-12-08","12.00","12.00","12.00","11.95","3.10K","0.17%"
"2021-12-07","11.98","12.00","12.00","11.91","14.50K","-0.17%"
"2021-12-06","12.00","12.09","12.09","11.91","5.97K","0.08%"
"2021-12-03","11.99","12.09","12.10","11.99","6.01K","-0.91%"
"2021-12-02","12.10","11.97","12.10","11.97","2.61K","1.09%"
"2021-12-01","11.97","12.15","12.15","11.96","6.89K","-1.07%"
"2021-11-30","12.10","12.14","12.14","11.91","17.12K","0.41%"
"2021-11-29","12.05","12.15","12.15","11.99","44.19K","0.00%"
"2021-11-26","12.05","12.01","12.06","12.01","40.89K","-0.05%"
"2021-11-24","12.06","12.05","12.07","12.02","11.27K","0.25%"
"2021-11-23","12.03","12.09","12.15","12.03","2.01K","-0.66%"
"2021-11-22","12.11","12.03","12.15","12.03","10.25K","0.17%"
"2021-11-19","12.09","12.06","12.16","12.05","15.84K","0.33%"
"2021-11-18","12.05","12.08","12.17","12.05","31.51K","-0.99%"
"2021-11-17","12.17","12.11","12.17","12.07","17.24K","0.16%"
"2021-11-16","12.15","12.13","12.15","12.13","3.91K","-0.82%"
"2021-11-15","12.25","12.15","12.25","12.11","7.10K","0.99%"
"2021-11-12","12.13","12.18","12.25","12.12","7.72K","-0.98%"
"2021-11-11","12.25","12.25","12.25","12.22","4.96K","0.00%"
"2021-11-10","12.25","12.30","12.30","12.22","10.38K","0.08%"
"2021-11-09","12.24","12.30","12.34","12.24","8.42K","-0.65%"
"2021-11-08","12.32","12.30","12.33","12.25","8.09K","0.24%"
"2021-11-05","12.29","12.32","12.38","12.25","9.66K","-0.49%"
"2021-11-04","12.35","12.25","12.35","12.23","10.49K","0.49%"
"2021-11-03","12.29","12.33","12.33","12.27","4.64K","-0.32%"
"2021-11-02","12.33","12.24","12.39","12.24","11.53K","0.74%"
"2021-11-01","12.24","12.22","12.25","12.13","16.34K","0.25%"
"2021-10-29","12.21","12.20","12.28","12.18","23.97K","-0.49%"
"2021-10-28","12.27","12.24","12.28","12.18","5.58K","0.41%"
"2021-10-27","12.22","12.25","12.25","12.18","6.80K","-0.49%"
"2021-10-26","12.28","12.26","12.34","12.25","6.98K","-0.16%"
"2021-10-25","12.30","12.22","12.37","12.22","13.35K","-0.40%"
"2021-10-22","12.35","12.31","12.35","12.21","16.67K","0.73%"
"2021-10-21","12.26","12.34","12.34","12.23","5.53K","-0.24%"
"2021-10-20","12.29","12.35","12.40","12.25","12.17K","-0.08%"
"2021-10-19","12.30","12.38","12.40","12.26","6.01K","0.00%"
"2021-10-18","12.30","12.24","12.42","12.22","2.14K","0.00%"
"2021-10-15","12.30","12.40","12.42","12.22","13.33K","0.00%"
"2021-10-14","12.30","12.35","12.35","12.21","2.05K","0.00%"
"2021-10-13","12.30","12.41","12.41","12.20","26.58K","-1.20%"
"2021-10-12","12.45","12.42","12.45","12.30","6.31K","0.00%"
"2021-10-11","12.45","12.30","12.45","12.23","24.64K","1.38%"
"2021-10-08","12.28","12.24","12.36","12.13","24.62K","0.82%"
"2021-10-07","12.18","12.30","12.30","12.09","5.26K","-0.57%"
"2021-10-06","12.25","12.10","12.30","12.10","3.24K","0.08%"
"2021-10-05","12.24","12.31","12.31","12.04","12.21K","0.74%"
"2021-10-04","12.15","12.25","12.29","12.11","5.66K","-0.82%"
"2021-10-01","12.25","12.19","12.37","12.02","20.68K","0.33%"
"2021-09-30","12.21","12.35","12.35","12.10","15.05K","-1.13%"
"2021-09-29","12.35","12.19","12.35","12.19","1.68K","0.00%"
"2021-09-28","12.35","12.20","12.41","12.19","3.12K","1.15%"
"2021-09-27","12.21","12.46","12.46","12.19","15.66K","-1.37%"
"2021-09-24","12.38","12.32","12.38","12.19","3.22K","0.65%"
"2021-09-23","12.30","12.31","12.31","12.21","1.46K","0.41%"
"2021-09-22","12.25","12.23","12.36","12.20","13.68K","1.24%"
"2021-09-21","12.10","12.20","12.54","12.09","115.55K","-0.90%"
"2021-09-20","12.21","12.16","12.50","12.11","89.57K","-0.33%"
"2021-09-17","12.25","12.26","12.48","12.11","86.85K","-1.84%"
"2021-09-16","12.48","12.21","12.48","12.21","62.60K","0.08%"
"2021-09-15","12.47","12.32","12.55","12.15","94.66K","2.13%"
"2021-09-14","12.21","12.50","12.60","12.13","93.65K","-1.85%"
"2021-09-13","12.44","12.40","12.50","12.33","39.69K","1.63%"
"2021-09-10","12.24","12.25","12.49","12.20","25.92K","-1.77%"
"2021-09-09","12.46","12.35","12.48","12.27","29.65K","0.73%"
"2021-09-08","12.37","12.28","12.50","12.08","31.59K","0.98%"
"2021-09-07","12.25","12.02","12.36","11.91","47.62K","2.51%"
"2021-09-03","11.95","12.10","12.15","11.95","11.22K","-1.24%"
"2021-09-02","12.10","12.18","12.18","11.98","59.54K","-0.49%"
"2021-09-01","12.16","12.08","12.23","12.00","5.12K","1.33%"
"2021-08-31","12.00","12.29","12.29","12.00","10.17K","-0.58%"
"2021-08-30","12.07","12.18","12.23","12.07","11.29K","-1.15%"
"2021-08-27","12.21","12.11","12.28","12.11","11.27K","-0.16%"
"2021-08-26","12.23","12.09","12.24","12.07","6.53K","1.07%"
"2021-08-25","12.10","12.12","12.27","12.09","5.56K","-0.25%"
"2021-08-24","12.13","12.24","12.24","12.05","10.12K","-0.98%"
"2021-08-23","12.25","12.34","12.35","12.20","32.46K","0.00%"
"2021-08-20","12.25","12.25","12.46","12.25","7.08K","0.00%"
"2021-08-19","12.25","12.19","12.33","12.09","17.22K","0.66%"
"2021-08-18","12.17","12.15","12.34","12.09","9.25K","-0.33%"
"2021-08-17","12.21","12.55","12.55","12.14","26.34K","-3.17%"
"2021-08-16","12.61","12.50","12.61","12.30","34.77K","0.96%"
"2021-08-13","12.49","12.41","12.50","12.25","43.42K","0.64%"
"2021-08-12","12.41","12.39","12.50","12.20","44.91K","0.49%"
"2021-08-11","12.35","12.18","12.48","12.05","45.06K","1.06%"
"2021-08-10","12.22","12.21","12.31","12.02","29.58K","0.08%"
"2021-08-09","12.21","12.13","12.23","12.06","16.69K","0.25%"
"2021-08-06","12.18","12.09","12.18","12.00","50.52K","0.66%"
"2021-08-05","12.10","12.03","12.15","12.00","17.61K","0.00%"
"2021-08-04","12.10","12.05","12.10","11.97","28.89K","0.00%"
"2021-08-03","12.10","12.09","12.17","11.99","36.65K","-0.17%"
"2021-08-02","12.12","12.29","12.29","11.95","44.59K","-1.38%"
"2021-07-30","12.29","11.93","12.41","11.86","138.56K","3.02%"
"2021-07-29","11.93","11.61","11.95","11.59","67.42K","2.86%"
"2021-07-28","11.60","11.59","11.61","11.55","55.98K","0.17%"
"2021-07-27","11.58","11.58","11.61","11.46","56.55K","0.00%"
"2021-07-26","11.58","11.49","11.61","11.49","65.19K","1.02%"
"2021-07-23","11.46","11.47","11.47","11.39","35.00K","0.43%"
"2021-07-22","11.41","11.46","11.46","11.41","15.00K","0.00%"
"2021-07-21","11.41","11.50","11.50","11.39","15.56K","-0.51%"
"2021-07-20","11.47","11.35","11.51","11.35","38.11K","0.43%"
"2021-07-19","11.42","11.42","11.49","11.33","60.85K","0.09%"
"2021-07-16","11.41","11.52","11.52","11.34","33.09K","-0.85%"
"2021-07-15","11.51","11.45","11.51","11.43","28.87K","0.51%"
"2021-07-14","11.45","11.51","11.53","11.43","26.21K","-0.42%"
"2021-07-13","11.50","11.51","11.56","11.41","28.44K","-0.51%"
"2021-07-12","11.56","11.50","11.57","11.33","24.83K","0.34%"
"2021-07-09","11.52","11.37","11.55","11.33","26.37K","0.25%"
"2021-07-08","11.49","11.49","11.50","11.36","42.67K","-0.59%"
"2021-07-07","11.56","11.57","11.59","11.54","68.24K","-0.34%"
"2021-07-06","11.60","11.63","11.63","11.55","50.91K","-0.17%"
"2021-07-02","11.62","11.57","11.66","11.55","24.05K","0.08%"
"2021-07-01","11.61","11.61","11.64","11.55","23.98K","0.00%"
"2021-06-30","11.61","11.50","11.61","11.50","96.61K","0.93%"
"2021-06-29","11.50","11.53","11.56","11.42","53.92K","-0.08%"
"2021-06-28","11.51","11.47","11.52","11.44","29.25K","-0.25%"
"2021-06-25","11.54","11.52","11.59","11.44","127.03K","-0.17%"
"2021-06-24","11.56","11.56","11.56","11.43","44.56K","0.51%"
"2021-06-23","11.50","11.54","11.56","11.49","34.35K","-0.51%"
"2021-06-22","11.56","11.55","11.56","11.32","56.30K","0.08%"
"2021-06-21","11.55","10.97","11.56","10.97","154.94K","6.19%"
"2021-06-18","10.88","11.52","11.52","10.88","564.64K","-5.67%"
"2021-06-17","11.53","11.52","11.56","11.48","113.04K","0.17%"
"2021-06-16","11.51","11.53","11.56","11.49","76.65K","-0.25%"
"2021-06-15","11.54","11.42","11.56","11.37","98.74K","0.85%"
"2021-06-14","11.44","11.28","11.59","11.24","120.72K","1.73%"
"2021-06-11","11.25","11.13","11.27","11.12","70.86K","1.23%"
"2021-06-10","11.11","11.07","11.19","11.06","125.71K","0.62%"
"2021-06-09","11.04","11.07","11.07","11.00","72.65K","-0.35%"
"2021-06-08","11.08","11.02","11.09","11.02","65.80K","0.89%"
"2021-06-07","10.98","11.05","11.09","10.98","114.46K","-0.62%"
"2021-06-04","11.05","11.02","11.06","10.97","62.54K","0.30%"
"2021-06-03","11.02","10.95","11.02","10.93","136.81K","0.59%"
"2021-06-02","10.95","11.02","11.02","10.95","54.99K","-0.44%"
"2021-06-01","11.00","10.99","11.02","10.94","111.51K","0.27%"
"2021-05-28","10.97","11.01","11.02","10.94","63.43K","0.00%"
"2021-05-27","10.97","11.02","11.05","10.97","91.95K","-0.62%"
"2021-05-26","11.04","11.07","11.09","11.00","45.82K","0.18%"
"2021-05-25","11.02","11.06","11.06","10.98","116.91K","-0.35%"
"2021-05-24","11.06","11.11","11.12","11.02","78.20K","-0.44%"
"2021-05-21","11.11","11.07","11.13","11.06","89.89K","0.71%"
"2021-05-20","11.03","11.04","11.07","11.01","136.04K","-0.09%"
"2021-05-19","11.04","11.05","11.07","11.02","109.67K","-0.35%"
"2021-05-18","11.08","11.12","11.15","11.06","65.57K","-0.18%"
"2021-05-17","11.10","11.10","11.15","11.08","50.56K","0.18%"
"2021-05-14","11.08","11.07","11.13","11.03","70.55K","0.09%"
"2021-05-13","11.07","11.14","11.15","11.07","140.52K","-0.44%"
"2021-05-12","11.12","11.18","11.22","11.10","66.93K","-0.35%"
"2021-05-11","11.16","11.22","11.24","11.13","92.43K","-0.69%"
"2021-05-10","11.24","11.33","11.33","11.24","68.66K","-0.78%"
"2021-05-07","11.33","11.33","11.36","11.27","74.77K","-0.09%"
"2021-05-06","11.33","11.38","11.38","11.32","72.04K","-0.43%"
"2021-05-05","11.38","11.36","11.38","11.34","75.06K","0.17%"
"2021-05-04","11.36","11.35","11.36","11.32","60.79K","0.28%"
"2021-05-03","11.33","11.30","11.37","11.24","159.31K","0.32%"
"2021-04-30","11.30","11.20","11.32","11.19","105.84K","0.70%"
"2021-04-29","11.22","11.22","11.23","11.18","62.63K","0.00%"
"2021-04-28","11.22","11.22","11.23","11.17","144.34K","-0.09%"
"2021-04-27","11.23","11.12","11.23","11.11","123.27K","0.70%"
"2021-04-26","11.15","11.10","11.15","11.09","190.04K","0.35%"
"2021-04-23","11.11","11.10","11.11","11.07","165.21K","0.35%"
"2021-04-22","11.07","11.11","11.11","11.07","135.31K","-0.35%"
"2021-04-21","11.11","11.11","11.11","11.10","62.93K","0.00%"
"2021-04-20","11.11","11.10","11.12","11.09","93.55K","0.09%"
"2021-04-19","11.10","11.12","11.12","11.10","65.93K","0.00%"
"2021-04-16","11.10","11.12","11.12","11.10","65.60K","-0.09%"
"2021-04-15","11.11","11.10","11.12","11.10","83.56K","0.09%"
"2021-04-14","11.10","11.12","11.12","11.10","88.60K","-0.18%"
"2021-04-13","11.12","11.11","11.12","11.10","37.87K","0.09%"
"2021-04-12","11.11","11.12","11.14","11.10","286.56K","-0.09%"
"2021-04-09","11.12","11.10","11.12","11.08","138.54K","0.18%"
"2021-04-08","11.10","11.10","11.12","11.07","156.66K","0.00%"
"2021-04-07","11.10","11.12","11.12","11.08","129.00K","-0.09%"
"2021-04-06","11.11","11.08","11.16","11.08","145.87K","0.18%"
"2021-04-05","11.09","11.12","11.15","11.08","143.65K","0.09%"
"2021-04-01","11.08","11.10","11.14","11.08","108.54K","-0.09%"
"2021-03-31","11.09","11.10","11.15","11.02","422.34K","0.09%"
"2021-03-30","11.08","11.19","11.20","11.08","386.64K","-0.96%"
"2021-03-29","11.19","11.12","11.20","11.12","467.52K","0.26%"
"2021-03-26","11.16","11.17","11.23","11.12","575.47K","0.26%"
"2021-03-25","11.13","11.41","11.41","10.97","2.07M","-2.16%"
"2021-03-18","11.38","11.38","11.38","11.38","0.97K","2.67%"
"2021-03-17","11.08","11.08","11.08","11.08","0.65K","-2.61%"
"2021-03-12","11.38","11.38","11.38","11.38","0.33K","2.70%"
"2021-03-04","11.08","11.08","11.08","11.08","0.33K","1.37%"
"2021-02-23","10.93","10.93","10.93","10.93","3.26K","-0.41%"
"2021-02-22","10.97","10.97","10.97","10.97","3.26K","0.08%"
"2021-02-18","10.96","10.96","10.96","10.96","2.61K","-1.19%"
"2021-02-17","11.09","11.23","11.23","11.09","1.96K","-0.70%"
"2021-02-16","11.17","11.19","11.23","11.17","3.58K","-0.80%"
"2021-02-11","11.26","11.26","11.26","11.26","3.63K","-0.50%"
"2021-02-10","11.32","11.32","11.32","11.32","5.54K","-0.50%"
"2021-02-09","11.38","11.27","11.38","11.27","2.24K","0.96%"
"2021-02-08","11.27","11.27","11.27","11.27","0.68K","1.73%"
"2021-02-03","11.08","11.08","11.08","11.08","0.71K","-2.63%"
"2021-02-01","11.38","11.53","11.53","11.38","1.32K","0.00%"
"2021-01-28","11.38","11.38","11.38","11.38","0.78K","0.00%"
"2021-01-27","11.38","11.38","11.38","11.38","0.33K","-2.56%"
"2021-01-21","11.68","11.68","11.68","11.68","1.32K","0.00%"
"2021-01-20","11.68","11.68","11.68","11.68","0.49K","0.00%"
"2021-01-13","11.68","11.68","11.68","11.68","0.33K","2.63%"
"2020-12-29","11.38","11.38","11.38","11.38","1.31K","0.00%"
"2020-12-17","11.38","11.38","11.38","11.38","1.14K","0.00%"
"2020-12-15","11.38","11.15","11.38","11.15","1.47K","2.70%"
"2020-12-11","11.08","11.08","11.08","11.08","0.33K","2.07%"
"2020-12-10","10.85","10.81","10.85","10.81","1.30K","3.57%"
"2020-12-08","10.48","10.48","10.48","10.48","0.98K","0.00%"
"2020-12-07","10.48","10.48","10.48","10.48","2.12K","0.72%"
"2020-12-04","10.40","10.40","10.40","10.40","0.65K","-0.14%"
"2020-12-01","10.42","10.42","10.42","10.42","0.39K","0.58%"
"2020-11-30","10.36","10.36","10.36","10.36","0.33K","-0.43%"
"2020-11-25","10.40","10.40","10.40","10.40","1.30K","0.72%"
"2020-11-18","10.33","10.33","10.33","10.33","3.01K","0.00%"
"2020-11-16","10.33","10.33","10.33","10.33","1.49K","0.29%"
"2020-11-11","10.30","10.25","10.30","10.25","0.65K","-0.26%"
"2020-11-09","10.32","10.32","10.32","10.32","0.68K","0.00%"
"2020-11-04","10.33","10.33","10.33","10.33","0.33K","1.47%"
"2020-11-03","10.18","10.18","10.18","10.18","0.65K","-1.45%"
"2020-10-29","10.33","10.33","10.33","10.33","1.74K","-0.75%"
"2020-10-28","10.41","10.41","10.41","10.41","0.53K","-0.69%"
"2020-10-27","10.48","10.48","10.48","10.48","0.65K","0.57%"
"2020-10-26","10.42","10.42","10.42","10.42","1.63K","0.00%"
"2020-10-16","10.42","10.42","10.42","10.42","1.63K","0.00%"
"2020-10-12","10.42","10.42","10.42","10.42","0.65K","0.00%"
"2020-10-08","10.42","10.42","10.42","10.42","1.47K","-0.57%"
"2020-10-07","10.48","10.42","10.48","10.42","1.63K","0.72%"
"2020-10-05","10.40","10.40","10.40","10.40","2.61K","-0.71%"
"2020-10-02","10.48","10.48","10.48","10.48","0.33K","0.00%"
"2020-09-28","10.48","10.48","10.48","10.48","0.98K","0.72%"
"2020-09-25","10.40","10.40","10.40","10.40","0.33K","0.00%"
"2020-09-24","10.40","10.44","10.44","10.40","6.40K","-0.36%"
"2020-09-23","10.44","10.44","10.44","10.44","0.49K","-0.36%"
"2020-09-22","10.48","10.44","10.48","10.44","1.79K","1.30%"
"2020-09-21","10.34","10.48","10.48","10.34","10.51K","-0.58%"
"2020-09-18","10.40","11.08","11.08","9.94","7.83K","-3.47%"
"2020-09-17","10.78","9.88","11.08","9.88","14.67K","11.63%"
"2020-09-14","9.65","9.65","9.65","9.65","0.33K","0.00%"
"2020-09-10","9.65","9.65","9.65","9.65","0.65K","2.38%"
"2020-09-04","9.43","9.28","9.43","9.28","1.14K","7.51%"
"2020-08-17","8.77","8.77","8.77","8.77","0.33K","-0.17%"
"2020-08-13","8.79","8.79","8.79","8.77","3.12K","12.88%"
"2020-07-13","7.78","7.78","7.78","7.78","1.15K","-8.22%"
"2020-07-09","8.48","8.48","8.48","8.48","1.15K","6.29%"
"2020-05-26","7.98","7.98","7.98","7.98","10.10K","-1.89%"
"2020-05-19","8.13","8.13","8.13","8.13","0.33K","3.92%"
"2020-05-11","7.83","7.83","7.83","7.83","1.88K","0.00%"
"2020-05-08","7.83","7.83","7.83","7.83","1.64K","0.00%"
"2020-05-07","7.83","7.83","7.83","7.83","1.63K","0.00%"
"2020-05-05","7.83","7.83","7.83","7.83","1.63K","0.00%"
"2020-05-04","7.83","7.83","7.83","7.83","0.33K","-1.92%"
"2020-04-29","7.98","7.98","7.98","7.98","2.77K","0.00%"
"2020-04-24","7.98","7.98","7.98","7.98","0.33K","1.96%"
"2020-04-23","7.83","7.83","7.83","7.83","0.33K","0.00%"
"2020-04-17","7.83","7.83","7.83","7.83","0.65K","2.00%"
"2020-04-14","7.67","7.67","7.67","7.67","0.33K","0.00%"
"2020-04-13","7.67","7.67","7.67","7.67","1.30K","-2.34%"
"2020-04-08","7.86","7.67","7.86","7.67","3.58K","4.28%"
"2020-04-03","7.53","7.52","7.53","7.52","0.65K","9.11%"
"2020-03-27","6.91","7.06","7.06","6.91","3.26K","-10.00%"
"2020-03-26","7.67","7.37","7.67","7.37","1.30K","8.70%"
"2020-03-25","7.06","7.06","7.06","7.06","0.39K","12.20%"
"2020-03-24","6.29","6.29","6.29","6.29","3.26K","2.50%"
"2020-03-23","6.14","6.94","6.94","6.14","1.63K","-13.23%"
"2020-03-20","7.07","7.07","7.07","7.07","0.33K","1.32%"
"2020-03-19","6.98","6.98","6.98","6.98","6.19K","-10.78%"
"2020-03-18","7.83","9.54","9.54","6.91","8.80K","-22.73%"
"2020-03-12","10.13","10.62","10.62","10.13","6.52K","-4.76%"
"2020-03-09","10.63","11.35","11.35","10.63","3.91K","-5.07%"
"2020-02-28","11.20","11.20","11.20","11.20","1.14K","-5.19%"
"2020-02-26","11.82","12.28","12.28","11.66","1.96K","-12.50%"
"2020-02-21","13.50","13.20","13.50","13.20","0.81K","10.00%"
"2020-02-07","12.28","12.28","12.28","12.28","0.33K","2.83%"
"2019-12-19","11.94","11.94","11.94","11.94","1.14K","-11.59%"
"2019-12-13","13.50","13.50","13.50","13.50","0.65K","3.53%"
"2019-12-12","13.04","13.04","13.04","13.04","1.95K","18.38%"
"2019-12-06","11.02","10.97","11.02","10.97","1.73K","5.28%"
"2019-12-05","10.46","10.46","10.46","10.46","1.42K","-0.58%"
"2019-11-19","10.53","10.74","10.74","10.53","0.65K","0.15%"
"2019-11-13","10.51","10.51","10.51","10.51","0.75K","-0.44%"
"2019-07-29","10.56","10.56","10.56","10.56","0.33K","-6.25%"
"2019-05-29","11.26","11.32","11.32","11.26","1.83K","-3.79%"
"2019-05-20","11.70","10.71","11.70","10.65","2.28K","9.29%"
"2019-05-16","10.71","10.71","10.71","10.71","0.69K","1.45%"
"2019-05-15","10.56","10.56","10.56","10.56","0.45K","0.00%"
"2019-05-14","10.56","10.56","10.56","10.56","1.30K","2.99%"
"2019-05-03","10.25","10.60","10.60","10.25","8.15K","-11.84%"
"2019-04-15","11.63","11.63","11.63","11.63","0.33K","9.83%"
"2019-04-09","10.59","10.59","10.59","10.59","1.30K","0.00%"
"2019-04-08","10.59","10.59","10.59","10.59","1.63K","0.00%"
"2019-04-02","10.59","10.59","10.59","10.59","0.33K","0.29%"
"2019-03-25","10.56","10.56","10.56","10.56","1.63K","0.00%"